51.5202140808,-0.0287516021,8:15:19,3/4/2017,234.00,234.91,236.00
51.5202484130,-0.0287716026,8:15:20,3/4/2017,233.00,233.98,236.00
51.5202636718,-0.0287883014,8:15:21,3/4/2017,233.00,233.06,234.00
51.5202560424,-0.0287933015,8:15:22,3/4/2017,234.00,232.95,235.00
51.5202636718,-0.0287982988,8:15:23,3/4/2017,240.00,237.15,244.00
51.5202636718,-0.0288033008,8:15:24,3/4/2017,254.00,242.09,258.00
51.5202560424,-0.0288100004,8:15:25,3/4/2017,253.00,262.40,280.00
51.5203437805,-0.0288550014,8:15:26,3/4/2017,255.00,259.11,268.00
51.5204200744,-0.0288933010,8:15:27,3/4/2017,252.00,254.18,256.00
51.5204734802,-0.0289283037,8:15:28,3/4/2017,249.00,249.68,251.00
51.5205154418,-0.0289466018,8:15:29,3/4/2017,249.00,248.98,250.00
51.5205421447,-0.0289550018,8:15:30,3/4/2017,246.00,246.55,253.00
51.5205497741,-0.0289616012,8:15:31,3/4/2017,241.00,241.74,249.00
51.5205497741,-0.0289616012,8:15:32,3/4/2017,250.00,243.29,250.00
51.5205497741,-0.0289550018,8:15:33,3/4/2017,247.00,249.62,252.00
51.5205230712,-0.0289500026,8:15:34,3/4/2017,246.00,246.37,248.00
51.5205154418,-0.0289416027,8:15:35,3/4/2017,244.00,245.26,247.00
51.5205078125,-0.0289366006,8:15:36,3/4/2017,247.00,245.37,248.00
51.5204925537,-0.0289382982,8:15:37,3/4/2017,250.00,246.40,251.00
51.5204849243,-0.0289382982,8:15:38,3/4/2017,249.00,249.06,250.00
51.5204849243,-0.0289466018,8:15:39,3/4/2017,248.00,248.28,249.00
51.5204925537,-0.0289550018,8:15:40,3/4/2017,249.00,248.40,250.00
51.5205078125,-0.0289616012,8:15:41,3/4/2017,246.00,248.27,250.00
51.5205230712,-0.0289683008,8:15:42,3/4/2017,247.00,245.33,247.00
51.5205307006,-0.0289750051,8:15:43,3/4/2017,247.00,246.32,248.00
51.5205421447,-0.0289783000,8:15:44,3/4/2017,248.00,247.44,248.00
51.5205497741,-0.0289833021,8:15:45,3/4/2017,248.00,247.91,249.00
51.5205497741,-0.0289815998,8:15:46,3/4/2017,249.00,247.97,250.00
51.5205497741,-0.0289815998,8:15:47,3/4/2017,246.00,248.32,250.00
51.5205497741,-0.0289799976,8:15:48,3/4/2017,245.00,245.50,249.00
51.5205574035,-0.0289799976,8:15:49,3/4/2017,245.00,242.17,252.00
51.5205574035,-0.0289783000,8:15:50,3/4/2017,244.00,245.52,270.00
51.5205574035,-0.0289766025,8:15:51,3/4/2017,228.00,237.83,262.00
51.5205574035,-0.0289750051,8:15:52,3/4/2017,227.00,228.75,239.00
51.5205574035,-0.0289733028,8:15:53,3/4/2017,218.00,219.46,226.00
51.5205650329,-0.0289716005,8:15:54,3/4/2017,219.00,217.53,219.00
51.5205650329,-0.0289683008,8:15:55,3/4/2017,221.00,220.84,224.00
51.5205650329,-0.0289666032,8:15:56,3/4/2017,220.00,220.83,222.00
51.5205650329,-0.0289649982,8:15:57,3/4/2017,209.00,218.82,222.00
51.5205650329,-0.0289616012,8:15:58,3/4/2017,220.00,216.98,223.00
51.5205650329,-0.0289649982,8:15:59,3/4/2017,223.00,222.68,230.00
51.5205574035,-0.0289716005,8:16:0,3/4/2017,223.00,222.07,224.00
51.5205574035,-0.0289716005,8:16:1,3/4/2017,226.00,224.77,226.00
51.5205497741,-0.0289716005,8:16:2,3/4/2017,230.00,228.06,231.00
51.5205497741,-0.0289716005,8:16:3,3/4/2017,245.00,247.56,314.00
51.5205574035,-0.0289716005,8:16:4,3/4/2017,241.00,246.47,281.00
51.5205574035,-0.0289716005,8:16:5,3/4/2017,242.00,256.22,304.00
51.5205574035,-0.0289716005,8:16:6,3/4/2017,247.00,243.46,249.00
51.5205574035,-0.0289716005,8:16:7,3/4/2017,245.00,245.57,249.00
51.5205574035,-0.0289716005,8:16:8,3/4/2017,246.00,246.32,257.00
51.5205574035,-0.0289716005,8:16:9,3/4/2017,243.00,243.44,247.00
51.5205574035,-0.0289716005,8:16:10,3/4/2017,239.00,248.33,287.00
51.5205574035,-0.0289716005,8:16:11,3/4/2017,236.00,243.36,260.00
51.5205574035,-0.0289716005,8:16:12,3/4/2017,230.00,232.68,244.00
51.5205650329,-0.0289733028,8:16:13,3/4/2017,239.00,237.32,240.00
51.5205650329,-0.0289733028,8:16:14,3/4/2017,236.00,240.45,247.00
51.5205650329,-0.0289733028,8:16:15,3/4/2017,230.00,236.53,240.00
51.5205650329,-0.0289750051,8:16:16,3/4/2017,227.00,227.27,229.00
51.5205650329,-0.0289766025,8:16:17,3/4/2017,226.00,227.00,228.00
51.5205650329,-0.0289799976,8:16:18,3/4/2017,227.00,235.03,245.00
51.5205726623,-0.0289815998,8:16:19,3/4/2017,228.00,227.68,233.00
51.5205879211,-0.0289983034,8:16:20,3/4/2017,233.00,231.96,236.00
51.5205955505,-0.0289983034,8:16:21,3/4/2017,234.00,234.96,237.00
51.5205955505,-0.0289950008,8:16:22,3/4/2017,233.00,232.38,235.00
51.5206222534,-0.0288983011,8:16:23,3/4/2017,226.00,229.53,233.00
51.5204925537,-0.0289000015,8:16:24,3/4/2017,221.00,224.45,234.00
51.5204925537,-0.0289133024,8:16:25,3/4/2017,217.00,219.40,222.00
51.5204849243,-0.0289300012,8:16:26,3/4/2017,215.00,216.93,220.00
51.5204734802,-0.0290233020,8:16:27,3/4/2017,214.00,214.73,218.00
51.5204658508,-0.0290733003,8:16:28,3/4/2017,214.00,214.05,216.00
51.5204582214,-0.0290899991,8:16:29,3/4/2017,215.00,215.28,218.00
51.5204582214,-0.0291000003,8:16:30,3/4/2017,215.00,214.51,221.00
51.5204734802,-0.0291065979,8:16:31,3/4/2017,209.00,211.42,215.00
51.5204849243,-0.0291200017,8:16:32,3/4/2017,207.00,208.67,211.00
51.5204925537,-0.0291200017,8:16:33,3/4/2017,208.00,206.67,209.00
51.5205154418,-0.0291233015,8:16:34,3/4/2017,206.00,207.46,209.00
51.5205421447,-0.0291283016,8:16:35,3/4/2017,208.00,206.72,208.00
51.5205650329,-0.0291316013,8:16:36,3/4/2017,207.00,207.26,210.00
51.5205802917,-0.0291350002,8:16:37,3/4/2017,207.00,206.86,211.00
51.5205802917,-0.0291350002,8:16:38,3/4/2017,207.00,206.16,209.00
51.5205802917,-0.0291350002,8:16:39,3/4/2017,206.00,206.12,208.00
51.5205802917,-0.0291366004,8:16:40,3/4/2017,204.00,204.72,207.00
51.5205802917,-0.0291400003,8:16:41,3/4/2017,203.00,203.84,206.00
51.5205879211,-0.0291500043,8:16:42,3/4/2017,203.00,202.18,204.00
51.5205879211,-0.0291599988,8:16:43,3/4/2017,203.00,203.09,205.00
51.5205955505,-0.0291666030,8:16:44,3/4/2017,202.00,202.57,204.00
51.5206069946,-0.0291716051,8:16:45,3/4/2017,203.00,202.35,204.00
51.5206146240,-0.0291833019,8:16:46,3/4/2017,201.00,201.04,203.00
51.5206375122,-0.0291933040,8:16:47,3/4/2017,201.00,200.89,202.00
51.5206451416,-0.0292000007,8:16:48,3/4/2017,200.00,200.60,202.00
51.5206527709,-0.0292033004,8:16:49,3/4/2017,200.00,200.73,204.00
51.5206718444,-0.0292066001,8:16:50,3/4/2017,198.00,198.95,201.00
51.5206794738,-0.0292133045,8:16:51,3/4/2017,198.00,197.74,199.00
51.5206871032,-0.0292150020,8:16:52,3/4/2017,198.00,198.06,200.00
51.5206794738,-0.0292165994,8:16:53,3/4/2017,197.00,197.17,198.00
51.5206871032,-0.0292200040,8:16:54,3/4/2017,196.00,196.47,198.00
51.5207023620,-0.0292266006,8:16:55,3/4/2017,197.00,195.96,197.00
51.5207023620,-0.0292432994,8:16:56,3/4/2017,195.00,195.90,197.00
51.5207023620,-0.0292449998,8:16:57,3/4/2017,194.00,194.30,195.00
51.5207099914,-0.0292500019,8:16:58,3/4/2017,194.00,194.51,196.00
51.5207176208,-0.0292533016,8:16:59,3/4/2017,194.00,194.53,196.00
51.5207176208,-0.0292482995,8:17:0,3/4/2017,196.00,195.88,199.00
51.5207290649,-0.0292466020,8:17:1,3/4/2017,195.00,194.89,196.00
51.5207366943,-0.0292500019,8:17:2,3/4/2017,196.00,195.40,198.00
51.5207519531,-0.0292583007,8:17:3,3/4/2017,196.00,194.72,196.00
51.5207672119,-0.0292633008,8:17:4,3/4/2017,194.00,194.23,197.00
51.5207862854,-0.0292666006,8:17:5,3/4/2017,192.00,192.21,194.00
51.5207939147,-0.0292616004,8:17:6,3/4/2017,192.00,192.08,194.00
51.5208091735,-0.0292600040,8:17:7,3/4/2017,193.00,192.38,195.00
51.5208168029,-0.0292566013,8:17:8,3/4/2017,196.00,191.60,196.00
51.5208168029,-0.0292482995,8:17:9,3/4/2017,195.00,194.19,197.00
51.5208244323,-0.0292466020,8:17:10,3/4/2017,194.00,193.79,195.00
51.5208320617,-0.0292333011,8:17:11,3/4/2017,195.00,194.94,196.00
51.5208396911,-0.0292333011,8:17:12,3/4/2017,195.00,194.52,196.00
51.5208396911,-0.0292416000,8:17:13,3/4/2017,193.00,194.12,198.00
51.5208396911,-0.0292432994,8:17:14,3/4/2017,196.00,194.71,202.00
51.5208396911,-0.0292500019,8:17:15,3/4/2017,195.00,195.21,198.00
51.5208511352,-0.0292633008,8:17:16,3/4/2017,195.00,194.81,196.00
51.5208511352,-0.0292749996,8:17:17,3/4/2017,196.00,194.86,197.00
51.5208663940,-0.0292899990,8:17:18,3/4/2017,195.00,194.96,196.00
51.5208740234,-0.0293066005,8:17:19,3/4/2017,194.00,194.84,197.00
51.5208663940,-0.0293200016,8:17:20,3/4/2017,194.00,194.11,196.00
51.5208663940,-0.0293416023,8:17:21,3/4/2017,194.00,194.41,198.00
51.5208740234,-0.0293650007,8:17:22,3/4/2017,193.00,193.43,195.00
51.5208740234,-0.0293815994,8:17:23,3/4/2017,195.00,196.39,201.00
51.5208740234,-0.0294000005,8:17:24,3/4/2017,203.00,197.52,208.00
51.5208663940,-0.0294183015,8:17:25,3/4/2017,203.00,204.91,210.00
51.5208587646,-0.0294415998,8:17:26,3/4/2017,203.00,202.11,208.00
51.5208587646,-0.0294600009,8:17:27,3/4/2017,198.00,199.58,206.00
51.5208396911,-0.0294765996,8:17:28,3/4/2017,192.00,194.75,198.00
51.5208396911,-0.0294950008,8:17:29,3/4/2017,194.00,194.62,200.00
51.5208396911,-0.0295166015,8:17:30,3/4/2017,188.00,193.87,198.00
51.5208511352,-0.0295316009,8:17:31,3/4/2017,187.00,186.67,188.00
51.5208587646,-0.0295465993,8:17:32,3/4/2017,191.00,189.92,192.00
51.5208587646,-0.0295715999,8:17:33,3/4/2017,193.00,192.01,193.00
51.5208587646,-0.0295915985,8:17:34,3/4/2017,193.00,192.86,194.00
51.5208587646,-0.0296066017,8:17:35,3/4/2017,193.00,193.13,194.00
51.5208511352,-0.0296182994,8:17:36,3/4/2017,192.00,192.66,193.00
51.5208587646,-0.0296300029,8:17:37,3/4/2017,192.00,192.06,193.00
51.5208587646,-0.0296466016,8:17:38,3/4/2017,192.00,192.02,193.00
51.5208663940,-0.0296649980,8:17:39,3/4/2017,193.00,192.06,193.00
51.5208740234,-0.0296750020,8:17:40,3/4/2017,192.00,192.45,193.00
51.5208816528,-0.0296815986,8:17:41,3/4/2017,192.00,192.47,193.00
51.5208892822,-0.0296916007,8:17:42,3/4/2017,192.00,192.01,193.00
51.5208892822,-0.0297033023,8:17:43,3/4/2017,192.00,192.26,193.00
51.5208816528,-0.0297083015,8:17:44,3/4/2017,192.00,191.99,192.00
51.5208740234,-0.0297116012,8:17:45,3/4/2017,191.00,191.37,192.00
51.5208663940,-0.0297100019,8:17:46,3/4/2017,191.00,191.19,192.00
51.5208663940,-0.0297066001,8:17:47,3/4/2017,192.00,191.04,192.00
51.5208663940,-0.0297049999,8:17:48,3/4/2017,191.00,191.26,192.00
51.5208740234,-0.0296966028,8:17:49,3/4/2017,190.00,190.88,191.00
51.5208816528,-0.0296950006,8:17:50,3/4/2017,190.00,190.12,191.00
51.5208969116,-0.0296866035,8:17:51,3/4/2017,190.00,190.04,192.00
51.5209083557,-0.0296783018,8:17:52,3/4/2017,191.00,190.77,192.00
51.5209388732,-0.0296866035,8:17:53,3/4/2017,190.00,190.54,192.00
51.5209465026,-0.0297000026,8:17:54,3/4/2017,189.00,189.02,190.00
51.5209617614,-0.0297166013,8:17:55,3/4/2017,188.00,188.10,189.00
51.5209732055,-0.0297316026,8:17:56,3/4/2017,188.00,187.95,189.00
51.5209884643,-0.0297416019,8:17:57,3/4/2017,189.00,188.13,189.00
51.5210037231,-0.0297533016,8:17:58,3/4/2017,188.00,187.60,189.00
51.5210113525,-0.0297633028,8:17:59,3/4/2017,187.00,187.48,188.00
51.5210304260,-0.0297715997,8:18:0,3/4/2017,187.00,187.13,189.00
51.5210533142,-0.0297816038,8:18:1,3/4/2017,187.00,186.91,187.00
51.5210533142,-0.0297900009,8:18:2,3/4/2017,187.00,187.03,188.00
51.5210609436,-0.0298000001,8:18:3,3/4/2017,188.00,187.29,188.00
51.5210762023,-0.0298133010,8:18:4,3/4/2017,189.00,187.79,189.00
51.5210838317,-0.0298200016,8:18:5,3/4/2017,190.00,189.86,191.00
51.5211029052,-0.0298200016,8:18:6,3/4/2017,190.00,189.28,191.00
51.5211181640,-0.0298200016,8:18:7,3/4/2017,188.00,188.58,190.00
51.5211181640,-0.0298250007,8:18:8,3/4/2017,188.00,188.44,190.00
51.5211181640,-0.0298316001,8:18:9,3/4/2017,188.00,187.93,189.00
51.5211257934,-0.0298433017,8:18:10,3/4/2017,188.00,187.76,189.00
51.5211410522,-0.0298550014,8:18:11,3/4/2017,187.00,187.61,188.00
51.5211524963,-0.0298683023,8:18:12,3/4/2017,187.00,187.02,188.00
51.5211601257,-0.0298815994,8:18:13,3/4/2017,187.00,187.01,188.00
51.5211677551,-0.0299015998,8:18:14,3/4/2017,186.00,186.73,188.00
51.5211753845,-0.0299200038,8:18:15,3/4/2017,186.00,185.96,187.00
51.5211906433,-0.0299400043,8:18:16,3/4/2017,185.00,185.87,187.00
51.5211906433,-0.0299566030,8:18:17,3/4/2017,185.00,185.22,187.00
51.5211982727,-0.0299749994,8:18:18,3/4/2017,186.00,185.19,186.00
51.5212059020,-0.0299966001,8:18:19,3/4/2017,186.00,185.72,186.00
51.5212173461,-0.0300166010,8:18:20,3/4/2017,186.00,186.04,188.00
51.5212249755,-0.0300366020,8:18:21,3/4/2017,185.00,185.75,187.00
51.5212326049,-0.0300549983,8:18:22,3/4/2017,186.00,185.13,186.00
51.5212402343,-0.0300733041,8:18:23,3/4/2017,185.00,185.42,186.00
51.5212402343,-0.0300900006,8:18:24,3/4/2017,184.00,184.89,186.00
51.5212478637,-0.0301033020,8:18:25,3/4/2017,183.00,183.38,185.00
51.5212554931,-0.0301133036,8:18:26,3/4/2017,183.00,183.16,184.00
51.5212554931,-0.0301266002,8:18:27,3/4/2017,184.00,183.12,184.00
51.5212631225,-0.0301399993,8:18:28,3/4/2017,183.00,183.54,185.00
51.5212745666,-0.0301583027,8:18:29,3/4/2017,183.00,183.19,184.00
51.5212745666,-0.0301783037,8:18:30,3/4/2017,183.00,183.11,184.00
51.5212821960,-0.0301983022,8:18:31,3/4/2017,182.00,182.97,184.00
51.5212898254,-0.0302116012,8:18:32,3/4/2017,182.00,181.99,183.00
51.5212898254,-0.0302315998,8:18:33,3/4/2017,183.00,182.15,184.00
51.5213050842,-0.0302533006,8:18:34,3/4/2017,192.00,186.28,198.00
51.5213127136,-0.0302716016,8:18:35,3/4/2017,188.00,189.52,191.00
51.5213127136,-0.0302933025,8:18:36,3/4/2017,190.00,189.12,191.00
51.5213127136,-0.0303166007,8:18:37,3/4/2017,190.00,189.98,193.00
51.5213203430,-0.0303382992,8:18:38,3/4/2017,188.00,188.80,190.00
51.5213203430,-0.0303615999,8:18:39,3/4/2017,187.00,187.48,189.00
51.5213203430,-0.0303783035,8:18:40,3/4/2017,188.00,186.94,188.00
51.5213279724,-0.0303983020,8:18:41,3/4/2017,195.00,189.54,217.00
51.5213394165,-0.0304183006,8:18:42,3/4/2017,187.00,193.38,214.00
51.5213394165,-0.0304399991,8:18:43,3/4/2017,190.00,194.82,210.00
51.5213470458,-0.0304616022,8:18:44,3/4/2017,207.00,191.78,236.00
51.5213470458,-0.0304850006,8:18:45,3/4/2017,180.00,181.01,195.00
51.5213546752,-0.0305050015,8:18:46,3/4/2017,182.00,189.11,245.00
51.5213623046,-0.0305216026,8:18:47,3/4/2017,182.00,184.62,190.00
51.5213623046,-0.0305400013,8:18:48,3/4/2017,184.00,183.37,191.00
51.5213623046,-0.0305583000,8:18:49,3/4/2017,178.00,179.35,182.00
51.5213623046,-0.0305765986,8:18:50,3/4/2017,180.00,178.49,185.00
51.5213699340,-0.0305966019,8:18:51,3/4/2017,178.00,179.05,182.00
51.5213775634,-0.0306183052,8:18:52,3/4/2017,177.00,177.43,182.00
51.5213851928,-0.0306400012,8:18:53,3/4/2017,177.00,176.94,180.00
51.5213966369,-0.0306566023,8:18:54,3/4/2017,178.00,176.88,180.00
51.5214042663,-0.0306750011,8:18:55,3/4/2017,185.00,182.39,192.00
51.5214118957,-0.0306932973,8:18:56,3/4/2017,184.00,184.18,190.00
51.5214195251,-0.0307133007,8:18:57,3/4/2017,183.00,183.68,185.00
51.5214195251,-0.0307316017,8:18:58,3/4/2017,180.00,181.64,185.00
51.5214271545,-0.0307516050,8:18:59,3/4/2017,184.00,181.52,187.00
51.5214347839,-0.0307683014,8:19:0,3/4/2017,201.00,180.13,221.00
51.5214347839,-0.0307883000,8:19:1,3/4/2017,207.00,204.42,223.00
51.5214347839,-0.0308083033,8:19:2,3/4/2017,197.00,202.18,218.00
51.5214347839,-0.0308282995,8:19:3,3/4/2017,189.00,195.83,218.00
51.5214347839,-0.0308500003,8:19:4,3/4/2017,191.00,188.79,219.00
51.5214347839,-0.0308699989,8:19:5,3/4/2017,178.00,180.37,186.00
51.5214424133,-0.0308882999,8:19:6,3/4/2017,180.00,182.10,190.00
51.5214424133,-0.0309066009,8:19:7,3/4/2017,177.00,179.23,184.00
51.5214424133,-0.0309250020,8:19:8,3/4/2017,182.00,177.58,182.00
51.5214424133,-0.0309416031,8:19:9,3/4/2017,178.00,176.60,179.00
51.5214500427,-0.0309599995,8:19:10,3/4/2017,180.00,179.28,181.00
51.5214500427,-0.0309800004,8:19:11,3/4/2017,178.00,180.47,185.00
51.5214500427,-0.0309983015,8:19:12,3/4/2017,178.00,178.71,182.00
51.5214614868,-0.0310166001,8:19:13,3/4/2017,180.00,179.65,190.00
51.5214614868,-0.0310383033,8:19:14,3/4/2017,176.00,178.03,181.00
51.5214614868,-0.0310583019,8:19:15,3/4/2017,175.00,176.12,178.00
51.5214614868,-0.0310766005,8:19:16,3/4/2017,176.00,176.39,180.00
51.5214691162,-0.0310982990,8:19:17,3/4/2017,176.00,177.35,180.00
51.5214691162,-0.0311166024,8:19:18,3/4/2017,178.00,176.65,179.00
51.5214767456,-0.0311383008,8:19:19,3/4/2017,178.00,177.55,180.00
51.5214691162,-0.0311583018,8:19:20,3/4/2017,178.00,177.65,180.00
51.5214767456,-0.0311766004,8:19:21,3/4/2017,177.00,177.64,179.00
51.5214767456,-0.0311982989,8:19:22,3/4/2017,177.00,177.07,178.00
51.5214767456,-0.0312200021,8:19:23,3/4/2017,176.00,176.49,178.00
51.5214843750,-0.0312416028,8:19:24,3/4/2017,176.00,176.13,178.00
51.5214843750,-0.0312633037,8:19:25,3/4/2017,176.00,176.13,178.00
51.5214920043,-0.0312850022,8:19:26,3/4/2017,176.00,175.75,176.00
51.5214920043,-0.0313050007,8:19:27,3/4/2017,175.00,175.17,176.00
51.5214920043,-0.0313250017,8:19:28,3/4/2017,175.00,175.12,176.00
51.5214996337,-0.0313466024,8:19:29,3/4/2017,179.00,179.22,188.00
51.5214996337,-0.0313650012,8:19:30,3/4/2017,176.00,177.28,180.00
51.5215072631,-0.0313850021,8:19:31,3/4/2017,175.00,175.25,176.00
51.5215072631,-0.0314050006,8:19:32,3/4/2017,175.00,174.59,176.00
51.5215187072,-0.0314266014,8:19:33,3/4/2017,175.00,174.10,176.00
51.5215187072,-0.0314450001,8:19:34,3/4/2017,175.00,174.49,176.00
51.5215263366,-0.0314666008,8:19:35,3/4/2017,174.00,173.99,175.00
51.5215263366,-0.0314883017,8:19:36,3/4/2017,174.00,174.70,177.00
51.5215263366,-0.0315066003,8:19:37,3/4/2017,173.00,173.78,174.00
51.5215263366,-0.0315266013,8:19:38,3/4/2017,174.00,173.57,175.00
51.5215339660,-0.0315465974,8:19:39,3/4/2017,173.00,173.33,175.00
51.5215339660,-0.0315666007,8:19:40,3/4/2017,173.00,173.50,176.00
51.5215339660,-0.0315883016,8:19:41,3/4/2017,174.00,173.14,175.00
51.5215415954,-0.0316083002,8:19:42,3/4/2017,173.00,173.85,176.00
51.5215415954,-0.0316300034,8:19:43,3/4/2017,172.00,172.18,173.00
51.5215415954,-0.0316499996,8:19:44,3/4/2017,171.00,172.09,174.00
51.5215492248,-0.0316716003,8:19:45,3/4/2017,171.00,171.08,172.00
51.5215492248,-0.0316915988,8:19:46,3/4/2017,170.00,170.93,171.00
51.5215492248,-0.0317100024,8:19:47,3/4/2017,170.00,170.18,171.00
51.5215568542,-0.0317316031,8:19:48,3/4/2017,170.00,170.00,170.00
51.5215568542,-0.0317515993,8:19:49,3/4/2017,170.00,170.16,171.00
51.5215568542,-0.0317716002,8:19:50,3/4/2017,170.00,169.92,170.00
51.5215644836,-0.0317916011,8:19:51,3/4/2017,170.00,169.41,170.00
51.5215721130,-0.0318132996,8:19:52,3/4/2017,169.00,169.36,170.00
51.5215721130,-0.0318315982,8:19:53,3/4/2017,170.00,169.06,170.00
51.5215721130,-0.0318499994,8:19:54,3/4/2017,169.00,169.13,171.00
51.5215835571,-0.0318716025,8:19:55,3/4/2017,169.00,169.01,170.00
51.5215835571,-0.0318933010,8:19:56,3/4/2017,169.00,168.99,170.00
51.5215835571,-0.0319165992,8:19:57,3/4/2017,169.00,169.14,170.00
51.5215835571,-0.0319383001,8:19:58,3/4/2017,168.00,168.86,171.00
51.5215835571,-0.0319582986,8:19:59,3/4/2017,168.00,168.05,170.00
51.5215911865,-0.0319783020,8:20:0,3/4/2017,168.00,168.09,169.00
51.5215988159,-0.0319950008,8:20:1,3/4/2017,168.00,168.01,169.00
51.5215911865,-0.0320116019,8:20:2,3/4/2017,168.00,168.01,169.00
51.5215911865,-0.0320333003,8:20:3,3/4/2017,168.00,167.99,169.00
51.5215911865,-0.0320583009,8:20:4,3/4/2017,168.00,168.03,169.00
51.5215911865,-0.0320783019,8:20:5,3/4/2017,168.00,168.06,169.00
51.5215911865,-0.0320982980,8:20:6,3/4/2017,169.00,168.22,169.00
51.5215911865,-0.0321183013,8:20:7,3/4/2017,169.00,168.08,170.00
51.5215988159,-0.0321400022,8:20:8,3/4/2017,170.00,168.13,170.00
51.5215988159,-0.0321633052,8:20:9,3/4/2017,169.00,169.45,170.00
51.5215988159,-0.0321816015,8:20:10,3/4/2017,169.00,168.99,170.00
51.5216064453,-0.0322033023,8:20:11,3/4/2017,169.00,168.99,170.00
51.5215988159,-0.0322233009,8:20:12,3/4/2017,168.00,168.37,169.00
51.5215988159,-0.0322432994,8:20:13,3/4/2017,168.00,168.00,169.00
51.5215988159,-0.0322633028,8:20:14,3/4/2017,168.00,167.91,168.00
51.5215988159,-0.0322850012,8:20:15,3/4/2017,168.00,167.88,168.00
51.5215988159,-0.0323082971,8:20:16,3/4/2017,168.00,167.48,168.00
51.5215988159,-0.0323300004,8:20:17,3/4/2017,167.00,167.13,168.00
51.5215988159,-0.0323500013,8:20:18,3/4/2017,168.00,167.09,168.00
51.5215911865,-0.0323666000,8:20:19,3/4/2017,167.00,167.08,168.00
51.5215911865,-0.0323832988,8:20:20,3/4/2017,167.00,167.06,168.00
51.5215988159,-0.0324033021,8:20:21,3/4/2017,167.00,167.49,168.00
51.5215988159,-0.0324216008,8:20:22,3/4/2017,168.00,167.06,168.00
51.5215988159,-0.0324432992,8:20:23,3/4/2017,167.00,167.52,169.00
51.5215988159,-0.0324650001,8:20:24,3/4/2017,168.00,167.36,169.00
51.5215988159,-0.0324850034,8:20:25,3/4/2017,168.00,167.46,169.00
51.5215988159,-0.0325032997,8:20:26,3/4/2017,167.00,167.03,169.00
51.5216064453,-0.0325266003,8:20:27,3/4/2017,167.00,167.04,168.00
51.5216064453,-0.0325483036,8:20:28,3/4/2017,167.00,167.07,169.00
51.5216140747,-0.0325716018,8:20:29,3/4/2017,167.00,167.26,169.00
51.5216140747,-0.0325966024,8:20:30,3/4/2017,167.00,167.50,168.00
51.5216140747,-0.0326200008,8:20:31,3/4/2017,168.00,167.52,168.00
51.5216140747,-0.0326450014,8:20:32,3/4/2017,168.00,167.75,169.00
51.5216217041,-0.0326682996,8:20:33,3/4/2017,168.00,167.59,168.00
51.5216217041,-0.0326916003,8:20:34,3/4/2017,167.00,167.32,169.00
51.5216217041,-0.0327149987,8:20:35,3/4/2017,167.00,167.04,168.00
51.5216217041,-0.0327333021,8:20:36,3/4/2017,167.00,167.03,168.00
51.5216293334,-0.0327533006,8:20:37,3/4/2017,167.00,167.03,168.00
51.5216293334,-0.0327765989,8:20:38,3/4/2017,167.00,167.03,168.00
51.5216293334,-0.0328000020,8:20:39,3/4/2017,167.00,167.02,168.00
51.5216293334,-0.0328200006,8:20:40,3/4/2017,167.00,167.03,168.00
51.5216217041,-0.0328400015,8:20:41,3/4/2017,168.00,167.03,168.00
51.5216217041,-0.0328599977,8:20:42,3/4/2017,167.00,167.08,168.00
51.5216217041,-0.0328816032,8:20:43,3/4/2017,167.00,167.05,168.00
51.5216217041,-0.0329015994,8:20:44,3/4/2017,167.00,167.06,168.00
51.5216217041,-0.0329216003,8:20:45,3/4/2017,167.00,167.03,168.00
51.5216140747,-0.0329433012,8:20:46,3/4/2017,167.00,167.03,168.00
51.5216140747,-0.0329633021,8:20:47,3/4/2017,167.00,166.96,168.00
51.5216140747,-0.0329816007,8:20:48,3/4/2017,167.00,166.91,169.00
51.5216140747,-0.0330016016,8:20:49,3/4/2017,167.00,167.00,168.00
51.5216140747,-0.0330216026,8:20:50,3/4/2017,167.00,167.00,168.00
51.5216217041,-0.0330415987,8:20:51,3/4/2017,167.00,167.02,168.00
51.5216293334,-0.0330632972,8:20:52,3/4/2017,168.00,167.02,168.00
51.5216293334,-0.0330850005,8:20:53,3/4/2017,166.00,167.03,168.00
51.5216407775,-0.0331066012,8:20:54,3/4/2017,166.00,166.04,167.00
51.5216407775,-0.0331283044,8:20:55,3/4/2017,165.00,165.40,167.00
51.5216293334,-0.0331483006,8:20:56,3/4/2017,165.00,165.04,166.00
51.5216293334,-0.0331666016,8:20:57,3/4/2017,165.00,165.04,166.00
51.5216217041,-0.0331850028,8:20:58,3/4/2017,166.00,165.25,166.00
51.5216217041,-0.0332033014,8:20:59,3/4/2017,166.00,165.94,167.00
51.5216217041,-0.0332250022,8:21:0,3/4/2017,166.00,166.03,168.00
51.5216140747,-0.0332433009,8:21:1,3/4/2017,167.00,166.74,168.00
51.5216140747,-0.0332633018,8:21:2,3/4/2017,167.00,166.98,168.00
51.5216140747,-0.0332833003,8:21:3,3/4/2017,168.00,167.55,168.00
51.5216140747,-0.0333033037,8:21:4,3/4/2017,169.00,168.00,169.00
51.5216140747,-0.0333215999,8:21:5,3/4/2017,169.00,168.52,170.00
51.5216140747,-0.0333416008,8:21:6,3/4/2017,169.00,169.12,170.00
51.5216217041,-0.0333600020,8:21:7,3/4/2017,170.00,169.93,171.00
51.5216217041,-0.0333833026,8:21:8,3/4/2017,170.00,170.00,171.00
51.5216217041,-0.0334066009,8:21:9,3/4/2017,171.00,170.65,172.00
51.5216217041,-0.0334265995,8:21:10,3/4/2017,171.00,171.03,172.00
51.5216217041,-0.0334466028,8:21:11,3/4/2017,172.00,171.37,173.00
51.5216140747,-0.0334683036,8:21:12,3/4/2017,171.00,171.84,173.00
51.5216140747,-0.0334900021,8:21:13,3/4/2017,172.00,171.99,173.00
51.5216064453,-0.0335065984,8:21:14,3/4/2017,172.00,171.95,173.00
51.5215988159,-0.0335183024,8:21:15,3/4/2017,172.00,171.96,173.00
51.5215911865,-0.0335316038,8:21:16,3/4/2017,172.00,172.00,172.00
51.5215835571,-0.0335482978,8:21:17,3/4/2017,171.00,171.54,173.00
51.5215835571,-0.0335649991,8:21:18,3/4/2017,171.00,171.00,172.00
51.5215644836,-0.0335800027,8:21:19,3/4/2017,171.00,170.98,171.00
51.5215492248,-0.0335950016,8:21:20,3/4/2017,171.00,170.99,171.00
51.5215415954,-0.0336049985,8:21:21,3/4/2017,172.00,171.00,172.00
51.5215339660,-0.0336166024,8:21:22,3/4/2017,171.00,171.05,172.00
51.5215339660,-0.0336300015,8:21:23,3/4/2017,171.00,171.02,172.00
51.5215339660,-0.0336400008,8:21:24,3/4/2017,171.00,171.27,173.00
51.5215263366,-0.0336483001,8:21:25,3/4/2017,170.00,170.18,172.00
51.5215263366,-0.0336483001,8:21:26,3/4/2017,170.00,170.04,172.00
51.5215187072,-0.0336499977,8:21:27,3/4/2017,171.00,171.14,172.00
51.5215072631,-0.0336549997,8:21:28,3/4/2017,172.00,172.01,173.00
51.5215072631,-0.0336583018,8:21:29,3/4/2017,172.00,172.16,173.00
51.5214920043,-0.0336733007,8:21:30,3/4/2017,172.00,172.04,173.00
51.5214920043,-0.0336899995,8:21:31,3/4/2017,171.00,171.21,173.00
51.5214920043,-0.0337033009,8:21:32,3/4/2017,171.00,171.00,172.00
51.5214996337,-0.0337150049,8:21:33,3/4/2017,171.00,171.00,171.00
51.5215072631,-0.0337265992,8:21:34,3/4/2017,171.00,171.02,172.00
51.5215187072,-0.0337350010,8:21:35,3/4/2017,172.00,171.44,172.00
51.5215339660,-0.0337466001,8:21:36,3/4/2017,171.00,171.27,172.00
51.5215415954,-0.0337633013,8:21:37,3/4/2017,171.00,171.00,172.00
51.5215415954,-0.0337783050,8:21:38,3/4/2017,171.00,171.00,172.00
51.5215492248,-0.0337899971,8:21:39,3/4/2017,171.00,171.00,172.00
51.5215492248,-0.0338032984,8:21:40,3/4/2017,171.00,171.04,172.00
51.5215721130,-0.0338150024,8:21:41,3/4/2017,170.00,170.61,171.00
51.5215721130,-0.0338350009,8:21:42,3/4/2017,171.00,170.78,171.00
51.5215835571,-0.0338716030,8:21:43,3/4/2017,171.00,170.66,171.00
51.5216064453,-0.0339066028,8:21:44,3/4/2017,171.00,170.44,171.00
51.5216217041,-0.0339400029,8:21:45,3/4/2017,171.00,170.66,171.00
51.5216407775,-0.0339666008,8:21:46,3/4/2017,172.00,171.47,172.00
51.5216484069,-0.0339882993,8:21:47,3/4/2017,170.00,171.15,172.00
51.5216560363,-0.0340100002,8:21:48,3/4/2017,171.00,170.29,172.00
51.5216636657,-0.0340266036,8:21:49,3/4/2017,170.00,169.79,171.00
51.5216865539,-0.0340366005,8:21:50,3/4/2017,169.00,170.34,174.00
51.5217056274,-0.0340549993,8:21:51,3/4/2017,170.00,169.68,171.00
51.5217208862,-0.0340733003,8:21:52,3/4/2017,177.00,172.75,180.00
51.5217208862,-0.0340865993,8:21:53,3/4/2017,183.00,176.75,184.00
51.5217208862,-0.0341033005,8:21:54,3/4/2017,178.00,184.56,202.00
51.5217208862,-0.0341215991,8:21:55,3/4/2017,180.00,179.08,181.00
51.5217208862,-0.0341433024,8:21:56,3/4/2017,178.00,180.67,182.00
51.5217208862,-0.0341666007,8:21:57,3/4/2017,178.00,178.40,180.00
51.5217361450,-0.0341832995,8:21:58,3/4/2017,182.00,181.28,186.00
51.5217514038,-0.0342115998,8:21:59,3/4/2017,187.00,183.80,187.00
51.5217704772,-0.0342350006,8:22:0,3/4/2017,187.00,185.40,187.00
51.5217857360,-0.0342416024,8:22:1,3/4/2017,189.00,186.48,190.00
51.5217933654,-0.0342500019,8:22:2,3/4/2017,189.00,189.92,195.00
51.5217933654,-0.0342583036,8:22:3,3/4/2017,182.00,185.41,195.00
51.5218009948,-0.0342633008,8:22:4,3/4/2017,182.00,182.39,184.00
51.5218086242,-0.0342683029,8:22:5,3/4/2017,184.00,182.60,184.00
51.5218086242,-0.0342800021,8:22:6,3/4/2017,185.00,184.87,187.00
51.5218162536,-0.0342916011,8:22:7,3/4/2017,183.00,184.90,186.00
51.5218162536,-0.0342983007,8:22:8,3/4/2017,183.00,183.23,186.00
51.5218162536,-0.0343050003,8:22:9,3/4/2017,184.00,183.32,184.00
51.5218086242,-0.0343033027,8:22:10,3/4/2017,183.00,182.99,184.00
51.5218086242,-0.0343100023,8:22:11,3/4/2017,184.00,183.04,184.00
51.5218086242,-0.0343150019,8:22:12,3/4/2017,206.00,190.05,212.00
51.5218086242,-0.0343266010,8:22:13,3/4/2017,190.00,188.52,208.00
51.5218353271,-0.0343382978,8:22:16,0/0/200,183.00,183.94,185.00
51.5218353271,-0.0343433022,8:22:17,3/4/2017,183.00,183.00,183.00
51.5218353271,-0.0343382978,8:22:18,3/4/2017,183.00,183.01,185.00
51.5218505859,-0.0343400001,8:22:19,3/4/2017,184.00,183.58,185.00
51.5218658447,-0.0343500018,8:22:20,3/4/2017,184.00,183.99,185.00
51.5218849182,-0.0343599987,8:22:21,3/4/2017,184.00,184.01,186.00
51.5218925476,-0.0343549990,8:22:22,3/4/2017,185.00,184.65,186.00
51.5219078063,-0.0343516016,8:22:23,3/4/2017,185.00,184.99,186.00
51.5219230651,-0.0343500018,8:22:24,3/4/2017,185.00,185.00,186.00
51.5219154357,-0.0343500018,8:22:25,3/4/2017,185.00,185.05,187.00
51.5218925476,-0.0343633031,8:22:26,3/4/2017,185.00,185.24,186.00
51.5218925476,-0.0343683004,8:22:27,3/4/2017,186.00,184.84,188.00
51.5219001770,-0.0343716025,8:22:28,3/4/2017,177.00,184.54,190.00
51.5219001770,-0.0343783020,8:22:29,3/4/2017,179.00,178.26,180.00
51.5218925476,-0.0343766021,8:22:30,3/4/2017,181.00,180.81,183.00
51.5218849182,-0.0343783020,8:22:31,3/4/2017,181.00,181.69,184.00
51.5218849182,-0.0343816018,8:22:32,3/4/2017,182.00,181.86,183.00
51.5218925476,-0.0343800044,8:22:33,3/4/2017,185.00,182.77,186.00
51.5219078063,-0.0343832993,8:22:34,3/4/2017,187.00,183.87,187.00
51.5219001770,-0.0343816018,8:22:35,3/4/2017,190.00,188.41,191.00
51.5219001770,-0.0343800044,8:22:36,3/4/2017,188.00,188.59,190.00
51.5218925476,-0.0343832993,8:22:37,3/4/2017,187.00,187.52,189.00
51.5218925476,-0.0343866014,8:22:38,3/4/2017,189.00,188.28,190.00
51.5218849182,-0.0343866014,8:22:39,3/4/2017,185.00,186.35,189.00
51.5218925476,-0.0343883013,8:22:40,3/4/2017,184.00,183.93,185.00
51.5218925476,-0.0343915987,8:22:41,3/4/2017,184.00,184.09,186.00
51.5218925476,-0.0343983030,8:22:42,3/4/2017,184.00,183.99,185.00
51.5218925476,-0.0344015979,8:22:43,3/4/2017,184.00,183.20,184.00
51.5218849182,-0.0344015979,8:22:44,3/4/2017,185.00,185.06,186.00
51.5218849182,-0.0343966007,8:22:45,3/4/2017,185.00,184.99,186.00
51.5218734741,-0.0343949985,8:22:46,3/4/2017,184.00,184.48,186.00
51.5218658447,-0.0343933057,8:22:47,3/4/2017,184.00,184.45,186.00
51.5218658447,-0.0343949985,8:22:48,3/4/2017,184.00,184.38,186.00
51.5218734741,-0.0343933057,8:22:49,3/4/2017,184.00,184.02,185.00
51.5218849182,-0.0343899989,8:22:50,3/4/2017,184.00,183.98,185.00
51.5218925476,-0.0343850016,8:22:51,3/4/2017,184.00,183.99,185.00
51.5219001770,-0.0343832993,8:22:52,3/4/2017,185.00,184.02,185.00
51.5219001770,-0.0343766021,8:22:53,3/4/2017,184.00,184.14,186.00
51.5219001770,-0.0343750000,8:22:54,3/4/2017,185.00,184.65,186.00
51.5219001770,-0.0343716025,8:22:55,3/4/2017,184.00,184.47,186.00
51.5219001770,-0.0343716025,8:22:56,3/4/2017,184.00,184.06,186.00
51.5219078063,-0.0343716025,8:22:57,3/4/2017,184.00,184.04,185.00
51.5219078063,-0.0343716025,8:22:58,3/4/2017,184.00,184.01,185.00
51.5219078063,-0.0343716025,8:22:59,3/4/2017,184.00,184.01,185.00
51.5219078063,-0.0343700027,8:23:0,3/4/2017,184.00,184.00,185.00
51.5219078063,-0.0343700027,8:23:1,3/4/2017,184.00,183.99,185.00
51.5219078063,-0.0343700027,8:23:2,3/4/2017,184.00,183.98,185.00
51.5219078063,-0.0343700027,8:23:3,3/4/2017,184.00,183.98,185.00
51.5219078063,-0.0343716025,8:23:4,3/4/2017,184.00,183.97,185.00
51.5219078063,-0.0343700027,8:23:5,3/4/2017,184.00,183.98,185.00
51.5219078063,-0.0343683004,8:23:6,3/4/2017,184.00,183.97,185.00
51.5219154357,-0.0343650007,8:23:7,3/4/2017,184.00,183.99,185.00
51.5219078063,-0.0343650007,8:23:8,3/4/2017,184.00,184.00,185.00
51.5219078063,-0.0343633031,8:23:9,3/4/2017,184.00,184.01,185.00
51.5219078063,-0.0343633031,8:23:10,3/4/2017,184.00,184.07,186.00
51.5219078063,-0.0343633031,8:23:11,3/4/2017,184.00,184.14,186.00
51.5219078063,-0.0343633031,8:23:12,3/4/2017,184.00,184.59,186.00
51.5219078063,-0.0343616008,8:23:13,3/4/2017,184.00,184.15,186.00
51.5219078063,-0.0343599987,8:23:14,3/4/2017,184.00,184.34,186.00
51.5219078063,-0.0343616008,8:23:15,3/4/2017,185.00,184.16,186.00
51.5219078063,-0.0343599987,8:23:16,3/4/2017,184.00,184.18,186.00
51.5219078063,-0.0343583059,8:23:17,3/4/2017,185.00,184.48,186.00
51.5219078063,-0.0343549990,8:23:18,3/4/2017,185.00,184.97,186.00
51.5219078063,-0.0343549990,8:23:19,3/4/2017,185.00,185.01,186.00
51.5219078063,-0.0343599987,8:23:20,3/4/2017,185.00,185.01,186.00
51.5219154357,-0.0343616008,8:23:21,3/4/2017,185.00,185.04,186.00
51.5219154357,-0.0343683004,8:23:22,3/4/2017,185.00,185.05,186.00
51.5219154357,-0.0343700027,8:23:23,3/4/2017,185.00,185.02,186.00
51.5219001770,-0.0343650007,8:23:24,3/4/2017,185.00,185.10,186.00
51.5219154357,-0.0343700027,8:23:25,3/4/2017,186.00,185.64,187.00
51.5219230651,-0.0343766021,8:23:26,3/4/2017,186.00,185.98,187.00
51.5219306945,-0.0343850016,8:23:27,3/4/2017,186.00,185.98,187.00
51.5219306945,-0.0343832993,8:23:28,3/4/2017,186.00,185.96,187.00
51.5219383239,-0.0343915987,8:23:29,3/4/2017,186.00,185.97,187.00
51.5219383239,-0.0344000005,8:23:30,3/4/2017,186.00,185.89,187.00
51.5219383239,-0.0344015979,8:23:31,3/4/2017,186.00,185.84,187.00
51.5219383239,-0.0344033002,8:23:32,3/4/2017,185.00,185.78,187.00
51.5219383239,-0.0344033002,8:23:33,3/4/2017,186.00,185.80,186.00
51.5219383239,-0.0344049978,8:23:34,3/4/2017,186.00,185.86,187.00
51.5219383239,-0.0344066023,8:23:35,3/4/2017,186.00,185.98,187.00
51.5219383239,-0.0344083046,8:23:36,3/4/2017,186.00,185.95,187.00
51.5219383239,-0.0344083046,8:23:37,3/4/2017,186.00,185.98,187.00
51.5219383239,-0.0344083046,8:23:38,3/4/2017,186.00,185.99,187.00
51.5219306945,-0.0344083046,8:23:39,3/4/2017,186.00,185.90,187.00
51.5219306945,-0.0344066023,8:23:40,3/4/2017,186.00,185.84,187.00
51.5219230651,-0.0344116020,8:23:41,3/4/2017,185.00,185.66,187.00
51.5219230651,-0.0344166016,8:23:42,3/4/2017,186.00,185.77,186.00
51.5219230651,-0.0344182991,8:23:43,3/4/2017,186.00,185.77,187.00
51.5219230651,-0.0344200015,8:23:44,3/4/2017,186.00,185.67,186.00
51.5219230651,-0.0344250011,8:23:45,3/4/2017,186.00,185.75,187.00
51.5219230651,-0.0344316005,8:23:46,3/4/2017,185.00,185.40,186.00
51.5219230651,-0.0344333028,8:23:47,3/4/2017,186.00,185.39,186.00
51.5219230651,-0.0344365978,8:23:48,3/4/2017,185.00,185.65,186.00
51.5219230651,-0.0344399976,8:23:49,3/4/2017,185.00,185.50,186.00
51.5219230651,-0.0344465994,8:23:50,3/4/2017,185.00,185.26,186.00
51.5219230651,-0.0344500017,8:23:51,3/4/2017,186.00,185.19,186.00
51.5219154357,-0.0344516015,8:23:52,3/4/2017,185.00,185.15,186.00
51.5219154357,-0.0344516015,8:23:53,3/4/2017,185.00,185.11,186.00
51.5219230651,-0.0344500017,8:23:54,3/4/2017,185.00,185.10,187.00
51.5219230651,-0.0344516015,8:23:55,3/4/2017,185.00,185.09,186.00
51.5219230651,-0.0344532990,8:23:56,3/4/2017,185.00,185.09,187.00
51.5219230651,-0.0344532990,8:23:57,3/4/2017,185.00,185.10,186.00
51.5219230651,-0.0344516015,8:23:58,3/4/2017,185.00,185.07,186.00
51.5219230651,-0.0344532990,8:23:59,3/4/2017,185.00,185.08,186.00
51.5219230651,-0.0344532990,8:24:0,3/4/2017,185.00,185.08,186.00
51.5219230651,-0.0344550013,8:24:1,3/4/2017,185.00,185.13,186.00
51.5219230651,-0.0344550013,8:24:2,3/4/2017,185.00,185.09,186.00
51.5219306945,-0.0344566059,8:24:3,3/4/2017,185.00,185.06,186.00
51.5219230651,-0.0344633007,8:24:4,3/4/2017,185.00,185.04,187.00
51.5219306945,-0.0344700050,8:24:5,3/4/2017,186.00,185.06,186.00
51.5219306945,-0.0344799995,8:24:6,3/4/2017,185.00,185.06,186.00
51.5219383239,-0.0344865989,8:24:7,3/4/2017,185.00,185.83,187.00
51.5219306945,-0.0344916009,8:24:8,3/4/2017,186.00,185.18,186.00
51.5219383239,-0.0344916009,8:24:9,3/4/2017,185.00,185.09,186.00
51.5219497680,-0.0344933009,8:24:10,3/4/2017,185.00,185.15,186.00
51.5219497680,-0.0344966030,8:24:11,3/4/2017,185.00,185.09,186.00
51.5219497680,-0.0344983005,8:24:12,3/4/2017,186.00,185.09,186.00
51.5219497680,-0.0344966030,8:24:13,3/4/2017,185.00,185.06,186.00
51.5219497680,-0.0344949984,8:24:14,3/4/2017,185.00,185.10,186.00
51.5219497680,-0.0344949984,8:24:15,3/4/2017,185.00,185.08,186.00
51.5219497680,-0.0344966030,8:24:16,3/4/2017,185.00,185.09,186.00
51.5219497680,-0.0344966030,8:24:17,3/4/2017,186.00,185.19,187.00
51.5219497680,-0.0345000028,8:24:18,3/4/2017,186.00,185.49,186.00
51.5219497680,-0.0345000028,8:24:19,3/4/2017,186.00,185.71,187.00
51.5219497680,-0.0345000028,8:24:20,3/4/2017,186.00,185.88,187.00
51.5219497680,-0.0345016002,8:24:21,3/4/2017,185.00,185.80,187.00
51.5219383239,-0.0345050048,8:24:22,3/4/2017,186.00,185.17,186.00
51.5219230651,-0.0345066046,8:24:23,3/4/2017,185.00,185.07,186.00
51.5219230651,-0.0345032978,8:24:24,3/4/2017,186.00,185.82,188.00
51.5219154357,-0.0345032978,8:24:25,3/4/2017,187.00,186.48,188.00
51.5219154357,-0.0345032978,8:24:26,3/4/2017,185.00,185.72,187.00
51.5219078063,-0.0345050048,8:24:27,3/4/2017,185.00,185.36,186.00
51.5219078063,-0.0344983005,8:24:28,3/4/2017,186.00,185.49,187.00
51.5219154357,-0.0344916009,8:24:29,3/4/2017,186.00,186.05,188.00
51.5219154357,-0.0344883012,8:24:30,3/4/2017,186.00,186.06,187.00
51.5219154357,-0.0344850015,8:24:31,3/4/2017,186.00,186.00,188.00
51.5219154357,-0.0344799995,8:24:32,3/4/2017,186.00,186.05,188.00
51.5219230651,-0.0344732999,8:24:33,3/4/2017,186.00,186.10,188.00
51.5219230651,-0.0344650030,8:24:34,3/4/2017,187.00,186.95,188.00
51.5219306945,-0.0344582986,8:24:35,3/4/2017,187.00,186.99,188.00
51.5219306945,-0.0344566059,8:24:36,3/4/2017,187.00,187.04,188.00
51.5219230651,-0.0344532990,8:24:37,3/4/2017,187.00,187.02,188.00
51.5219230651,-0.0344483017,8:24:38,3/4/2017,187.00,187.05,188.00
51.5219306945,-0.0344465994,8:24:39,3/4/2017,187.00,187.07,188.00
51.5219306945,-0.0344483017,8:24:40,3/4/2017,187.00,187.00,188.00
51.5219306945,-0.0344483017,8:24:41,3/4/2017,187.00,186.80,188.00
51.5219306945,-0.0344500017,8:24:42,3/4/2017,188.00,187.18,188.00
51.5219306945,-0.0344516015,8:24:43,3/4/2017,188.00,187.97,189.00
51.5219306945,-0.0344550013,8:24:44,3/4/2017,188.00,188.00,189.00
51.5219306945,-0.0344582986,8:24:45,3/4/2017,188.00,188.08,190.00
51.5219306945,-0.0344566059,8:24:46,3/4/2017,189.00,188.77,190.00
51.5219306945,-0.0344566059,8:24:47,3/4/2017,189.00,188.98,190.00
51.5219306945,-0.0344582986,8:24:48,3/4/2017,189.00,189.01,190.00
51.5219306945,-0.0344616031,8:24:49,3/4/2017,189.00,189.02,190.00
51.5219230651,-0.0344616031,8:24:50,3/4/2017,189.00,189.02,190.00
51.5219230651,-0.0344600009,8:24:51,3/4/2017,189.00,189.04,190.00
51.5219230651,-0.0344566059,8:24:52,3/4/2017,189.00,189.08,190.00
51.5219230651,-0.0344566059,8:24:53,3/4/2017,190.00,189.09,190.00
51.5219154357,-0.0344582986,8:24:54,3/4/2017,190.00,189.36,190.00
51.5219154357,-0.0344566059,8:24:55,3/4/2017,190.00,190.02,191.00
51.5219154357,-0.0344532990,8:24:56,3/4/2017,190.00,190.07,192.00
51.5219154357,-0.0344516015,8:24:57,3/4/2017,190.00,190.02,191.00
51.5219154357,-0.0344483017,8:24:58,3/4/2017,191.00,190.54,192.00
51.5219154357,-0.0344500017,8:24:59,3/4/2017,191.00,190.58,192.00
51.5219154357,-0.0344500017,8:25:0,3/4/2017,191.00,190.70,192.00
51.5219154357,-0.0344500017,8:25:1,3/4/2017,191.00,190.99,192.00
51.5219230651,-0.0344465994,8:25:2,3/4/2017,191.00,191.01,192.00
51.5219306945,-0.0344433045,8:25:3,3/4/2017,191.00,191.02,192.00
51.5219306945,-0.0344399976,8:25:4,3/4/2017,191.00,191.03,192.00
51.5219383239,-0.0344350004,8:25:5,3/4/2017,191.00,191.02,192.00
51.5219383239,-0.0344283008,8:25:6,3/4/2017,191.00,191.01,192.00
51.5219497680,-0.0344216060,8:25:7,3/4/2017,191.00,191.01,192.00
51.5219497680,-0.0344166016,8:25:8,3/4/2017,191.00,191.00,192.00
51.5219497680,-0.0344133019,8:25:9,3/4/2017,191.00,191.01,192.00
51.5219497680,-0.0344116020,8:25:10,3/4/2017,191.00,191.02,192.00
51.5219497680,-0.0344116020,8:25:11,3/4/2017,191.00,191.03,192.00
51.5219573974,-0.0344083046,8:25:12,3/4/2017,191.00,191.03,192.00
51.5219573974,-0.0344066023,8:25:13,3/4/2017,191.00,191.07,192.00
51.5219573974,-0.0344099998,8:25:14,3/4/2017,191.00,191.03,192.00
51.5219573974,-0.0344099998,8:25:15,3/4/2017,191.00,191.11,192.00
51.5219650268,-0.0344116020,8:25:16,3/4/2017,191.00,191.04,192.00
51.5219650268,-0.0344116020,8:25:17,3/4/2017,191.00,191.05,192.00
51.5219650268,-0.0344116020,8:25:18,3/4/2017,191.00,191.03,192.00
51.5219650268,-0.0344116020,8:25:19,3/4/2017,191.00,191.04,192.00
51.5219650268,-0.0344133019,8:25:20,3/4/2017,191.00,191.01,192.00
51.5219573974,-0.0344133019,8:25:21,3/4/2017,191.00,191.03,192.00
51.5219573974,-0.0344116020,8:25:22,3/4/2017,192.00,191.02,192.00
51.5219573974,-0.0344133019,8:25:23,3/4/2017,191.00,191.03,192.00
51.5219573974,-0.0344150042,8:25:24,3/4/2017,191.00,191.00,192.00
51.5219573974,-0.0344182991,8:25:25,3/4/2017,191.00,191.01,192.00
51.5219573974,-0.0344166016,8:25:26,3/4/2017,191.00,191.02,192.00
51.5219650268,-0.0344182991,8:25:27,3/4/2017,192.00,191.15,193.00
51.5219650268,-0.0344182991,8:25:28,3/4/2017,190.00,190.81,192.00
51.5219650268,-0.0344166016,8:25:29,3/4/2017,190.00,190.04,191.00
51.5219650268,-0.0344150042,8:25:30,3/4/2017,191.00,190.02,191.00
51.5219650268,-0.0344116020,8:25:31,3/4/2017,190.00,190.05,192.00
51.5219650268,-0.0344133019,8:25:32,3/4/2017,190.00,190.06,192.00
51.5219650268,-0.0344133019,8:25:33,3/4/2017,190.00,190.03,191.00
51.5219650268,-0.0344116020,8:25:34,3/4/2017,191.00,190.08,192.00
51.5219650268,-0.0344116020,8:25:35,3/4/2017,191.00,190.20,192.00
51.5219650268,-0.0344116020,8:25:36,3/4/2017,191.00,190.85,192.00
51.5219650268,-0.0344133019,8:25:37,3/4/2017,191.00,190.98,192.00
51.5219650268,-0.0344099998,8:25:38,3/4/2017,191.00,191.16,192.00
51.5219650268,-0.0344099998,8:25:39,3/4/2017,191.00,191.41,193.00
51.5219650268,-0.0344099998,8:25:40,3/4/2017,191.00,191.01,192.00
51.5219650268,-0.0344099998,8:25:41,3/4/2017,191.00,191.02,192.00
51.5219650268,-0.0344116020,8:25:42,3/4/2017,191.00,191.04,192.00
51.5219650268,-0.0344133019,8:25:43,3/4/2017,191.00,191.02,192.00
51.5219650268,-0.0344116020,8:25:44,3/4/2017,191.00,191.05,192.00
51.5219650268,-0.0344133019,8:25:45,3/4/2017,191.00,191.03,192.00
51.5219650268,-0.0344116020,8:25:46,3/4/2017,191.00,191.06,192.00
51.5219573974,-0.0344116020,8:25:47,3/4/2017,191.00,191.02,192.00
51.5219573974,-0.0344116020,8:25:48,3/4/2017,191.00,191.02,192.00
51.5219573974,-0.0344133019,8:25:49,3/4/2017,191.00,191.02,192.00
51.5219573974,-0.0344133019,8:25:50,3/4/2017,191.00,191.03,192.00
51.5219573974,-0.0344133019,8:25:51,3/4/2017,191.00,191.13,192.00
51.5219573974,-0.0344133019,8:25:52,3/4/2017,191.00,191.09,192.00
51.5219573974,-0.0344150042,8:25:53,3/4/2017,191.00,191.04,192.00
51.5219573974,-0.0344166016,8:25:54,3/4/2017,190.00,191.05,192.00
51.5219573974,-0.0344166016,8:25:55,3/4/2017,191.00,191.03,193.00
51.5219573974,-0.0344166016,8:25:56,3/4/2017,191.00,191.04,192.00
51.5219497680,-0.0344150042,8:25:57,3/4/2017,191.00,191.02,192.00
51.5219497680,-0.0344166016,8:25:58,3/4/2017,191.00,191.01,192.00
51.5219497680,-0.0344150042,8:25:59,3/4/2017,191.00,191.02,192.00
51.5219383239,-0.0344099998,8:26:0,3/4/2017,192.00,192.08,193.00
51.5219383239,-0.0344049978,8:26:3,0/0/200,190.00,190.77,191.00
51.5219497680,-0.0343983030,8:26:4,3/4/2017,189.00,189.00,189.00
51.5219573974,-0.0343899989,8:26:5,3/4/2017,189.00,188.97,190.00
51.5219726562,-0.0343750000,8:26:6,3/4/2017,189.00,189.38,191.00
51.5219955444,-0.0343583059,8:26:7,3/4/2017,190.00,189.77,191.00
51.5220069885,-0.0343533015,8:26:8,3/4/2017,190.00,189.93,191.00
51.5220222473,-0.0343465995,8:26:9,3/4/2017,192.00,190.67,192.00
51.5220375061,-0.0343450045,8:26:10,3/4/2017,192.00,190.75,192.00
51.5220527648,-0.0343483018,8:26:11,3/4/2017,191.00,191.17,193.00
51.5220527648,-0.0343500018,8:26:12,3/4/2017,190.00,190.85,192.00
51.5220603942,-0.0343465995,8:26:13,3/4/2017,191.00,190.41,192.00
51.5220603942,-0.0343483018,8:26:14,3/4/2017,191.00,190.14,191.00
51.5220718383,-0.0343533015,8:26:15,3/4/2017,191.00,190.35,192.00
51.5220794677,-0.0343549990,8:26:16,3/4/2017,190.00,190.59,192.00
51.5220794677,-0.0343565988,8:26:17,3/4/2017,192.00,190.02,192.00
51.5220870971,-0.0343549990,8:26:18,3/4/2017,190.00,190.34,192.00
51.5220870971,-0.0343583059,8:26:19,3/4/2017,190.00,189.83,191.00
51.5220947265,-0.0343633031,8:26:20,3/4/2017,190.00,189.60,191.00
51.5221023559,-0.0343683004,8:26:21,3/4/2017,189.00,189.42,190.00
51.5221099853,-0.0343700027,8:26:22,3/4/2017,192.00,191.48,193.00
51.5221290588,-0.0343750000,8:26:23,3/4/2017,191.00,190.89,192.00
51.5221366882,-0.0343883013,8:26:24,3/4/2017,190.00,190.24,191.00
51.5221519470,-0.0343966007,8:26:25,3/4/2017,189.00,189.99,191.00
51.5221595764,-0.0344150042,8:26:26,3/4/2017,191.00,190.16,192.00
51.5221748352,-0.0344266033,8:26:27,3/4/2017,187.00,189.62,192.00
51.5221824645,-0.0344465994,8:26:28,3/4/2017,188.00,187.58,189.00
51.5222015380,-0.0344633007,8:26:29,3/4/2017,188.00,186.59,188.00
51.5222091674,-0.0344783043,8:26:30,3/4/2017,189.00,187.73,189.00
51.5222167968,-0.0344883012,8:26:31,3/4/2017,183.00,186.32,190.00
51.5222167968,-0.0345016002,8:26:32,3/4/2017,184.00,183.52,184.00
51.5222244262,-0.0345116019,8:26:33,3/4/2017,184.00,183.98,186.00
51.5222320556,-0.0345215988,8:26:34,3/4/2017,185.00,184.19,186.00
51.5222396850,-0.0345283031,8:26:35,3/4/2017,185.00,184.94,186.00
51.5222587585,-0.0345416045,8:26:36,3/4/2017,185.00,185.05,187.00
51.5222663879,-0.0345550036,8:26:37,3/4/2017,185.00,184.88,186.00
51.5222816467,-0.0345600008,8:26:38,3/4/2017,185.00,184.99,186.00
51.5222892761,-0.0345749998,8:26:39,3/4/2017,185.00,184.89,186.00
51.5223045349,-0.0345966053,8:26:40,3/4/2017,184.00,184.00,185.00
51.5223159790,-0.0346183037,8:26:41,3/4/2017,184.00,183.96,185.00
51.5223236083,-0.0346432971,8:26:42,3/4/2017,184.00,183.63,185.00
51.5223312377,-0.0346616029,8:26:43,3/4/2017,184.00,183.91,185.00
51.5223388671,-0.0346732997,8:26:44,3/4/2017,185.00,184.48,186.00
51.5223464965,-0.0346850013,8:26:45,3/4/2017,186.00,185.11,186.00
51.5223541259,-0.0346915984,8:26:46,3/4/2017,188.00,186.73,188.00
51.5223617553,-0.0346950030,8:26:47,3/4/2017,189.00,188.01,189.00
51.5223731994,-0.0347000002,8:26:48,3/4/2017,189.00,188.94,190.00
51.5223808288,-0.0347083044,8:26:49,3/4/2017,189.00,189.02,190.00
51.5223884582,-0.0347233009,8:26:50,3/4/2017,189.00,189.03,190.00
51.5223884582,-0.0347350001,8:26:51,3/4/2017,189.00,188.98,190.00
51.5223960876,-0.0347433042,8:26:52,3/4/2017,190.00,189.06,190.00
51.5224113464,-0.0347516012,8:26:53,3/4/2017,190.00,189.31,191.00
51.5224266052,-0.0347583031,8:26:54,3/4/2017,190.00,190.04,192.00
51.5224380493,-0.0347682976,8:26:55,3/4/2017,192.00,190.81,192.00
51.5224380493,-0.0347750043,8:26:56,3/4/2017,192.00,191.90,193.00
51.5224456787,-0.0347866010,8:26:57,3/4/2017,192.00,192.85,194.00
51.5224533081,-0.0347983002,8:26:58,3/4/2017,193.00,193.45,195.00
51.5224533081,-0.0348116016,8:26:59,3/4/2017,194.00,194.03,196.00
51.5224533081,-0.0348233008,8:27:0,3/4/2017,195.00,194.58,196.00
51.5224609375,-0.0348333001,8:27:1,3/4/2017,196.00,195.37,196.00
51.5224609375,-0.0348415994,8:27:2,3/4/2017,194.00,194.95,197.00
51.5224685668,-0.0348500013,8:27:3,3/4/2017,194.00,194.03,196.00
51.5224838256,-0.0348600029,8:27:4,3/4/2017,195.00,194.76,196.00
51.5224952697,-0.0348700022,8:27:5,3/4/2017,195.00,194.88,196.00
51.5225028991,-0.0348815965,8:27:6,3/4/2017,195.00,194.93,196.00
51.5225028991,-0.0348899984,8:27:7,3/4/2017,194.00,194.81,196.00
51.5225105285,-0.0349000024,8:27:8,3/4/2017,194.00,194.05,196.00
51.5225257873,-0.0349115991,8:27:9,3/4/2017,194.00,194.03,195.00
51.5225334167,-0.0349183034,8:27:10,3/4/2017,194.00,193.94,195.00
51.5225486755,-0.0349200010,8:27:11,3/4/2017,194.00,193.87,195.00
51.5225677490,-0.0349283027,8:27:12,3/4/2017,194.00,193.77,195.00
51.5225753784,-0.0349366044,8:27:13,3/4/2017,194.00,193.66,195.00
51.5225906372,-0.0349432992,8:27:14,3/4/2017,194.00,193.78,195.00
51.5226058959,-0.0349516010,8:27:15,3/4/2017,194.00,193.85,195.00
51.5226058959,-0.0349566006,8:27:16,3/4/2017,194.00,193.99,195.00
51.5226058959,-0.0349683022,8:27:17,3/4/2017,194.00,193.97,195.00
51.5226173400,-0.0349783039,8:27:18,3/4/2017,194.00,193.98,195.00
51.5226173400,-0.0349933028,8:27:19,3/4/2017,194.00,193.88,195.00
51.5226249694,-0.0350116014,8:27:20,3/4/2017,194.00,194.00,195.00
51.5226402282,-0.0350283026,8:27:21,3/4/2017,194.00,194.11,195.00
51.5226402282,-0.0350400018,8:27:22,3/4/2017,195.00,195.39,197.00
51.5226478576,-0.0350549983,8:27:23,3/4/2017,197.00,196.21,200.00
51.5226631164,-0.0350732994,8:27:24,3/4/2017,194.00,194.57,197.00
51.5226631164,-0.0350816011,8:27:25,3/4/2017,192.00,192.49,194.00
51.5226478576,-0.0350900030,8:27:26,3/4/2017,192.00,192.02,193.00
51.5226478576,-0.0351033020,8:27:27,3/4/2017,193.00,192.05,193.00
51.5226478576,-0.0351166009,8:27:28,3/4/2017,193.00,193.00,194.00
51.5226631164,-0.0351216030,8:27:29,3/4/2017,193.00,192.99,193.00
51.5226821899,-0.0351216030,8:27:30,3/4/2017,193.00,193.00,193.00
51.5226898193,-0.0351250028,8:27:31,3/4/2017,195.00,193.60,195.00
51.5227127075,-0.0351282978,8:27:32,3/4/2017,194.00,194.20,196.00
51.5227203369,-0.0351383018,8:27:33,3/4/2017,193.00,193.62,195.00
51.5227279663,-0.0351533031,8:27:34,3/4/2017,193.00,193.07,195.00
51.5227394104,-0.0351649999,8:27:35,3/4/2017,193.00,193.25,195.00
51.5227622985,-0.0351766014,8:27:36,3/4/2017,193.00,193.00,193.00
51.5227699279,-0.0351833057,8:27:37,3/4/2017,193.00,193.00,194.00
51.5227851867,-0.0351900005,8:27:38,3/4/2017,193.00,193.00,193.00
51.5227928161,-0.0352150011,8:27:39,3/4/2017,193.00,193.02,194.00
51.5228042602,-0.0352233028,8:27:40,3/4/2017,193.00,193.38,195.00
51.5228271484,-0.0352166032,8:27:41,3/4/2017,193.00,193.03,194.00
51.5228347778,-0.0352132987,8:27:42,3/4/2017,193.00,193.13,194.00
51.5228500366,-0.0352132987,8:27:43,3/4/2017,193.00,192.91,194.00
51.5228691101,-0.0352100014,8:27:44,3/4/2017,192.00,192.09,194.00
51.5228767395,-0.0352082991,8:27:45,3/4/2017,193.00,192.06,194.00
51.5228919982,-0.0352050042,8:27:46,3/4/2017,193.00,192.61,194.00
51.5228996276,-0.0352033019,8:27:47,3/4/2017,193.00,192.81,194.00
51.5229148864,-0.0352016019,8:27:48,3/4/2017,193.00,192.75,194.00
51.5229263305,-0.0351966023,8:27:49,3/4/2017,193.00,192.96,194.00
51.5229339599,-0.0351966023,8:27:50,3/4/2017,192.00,192.62,194.00
51.5229415893,-0.0351983046,8:27:51,3/4/2017,193.00,192.07,193.00
51.5229492187,-0.0352033019,8:27:52,3/4/2017,192.00,191.99,193.00
51.5229644775,-0.0352050042,8:27:53,3/4/2017,192.00,191.81,193.00
51.5229721069,-0.0351966023,8:27:54,3/4/2017,191.00,191.15,193.00
51.5229835510,-0.0351915979,8:27:55,3/4/2017,191.00,191.09,192.00
51.5229911804,-0.0351866006,8:27:56,3/4/2017,191.00,191.37,192.00
51.5229988098,-0.0351799988,8:27:57,3/4/2017,192.00,191.17,192.00
51.5230064392,-0.0351750016,8:27:58,3/4/2017,191.00,191.15,192.00
51.5230216979,-0.0351716017,8:27:59,3/4/2017,191.00,191.04,192.00
51.5230293273,-0.0351649999,8:28:0,3/4/2017,192.00,191.86,193.00
51.5230369567,-0.0351583003,8:28:1,3/4/2017,193.00,192.14,194.00
51.5230484008,-0.0351533031,8:28:2,3/4/2017,192.00,192.01,194.00
51.5230560302,-0.0351465988,8:28:3,3/4/2017,192.00,191.95,193.00
51.5230712890,-0.0351400017,8:28:4,3/4/2017,191.00,192.00,193.00
51.5230789184,-0.0351400017,8:28:5,3/4/2017,192.00,192.08,194.00
51.5230865478,-0.0351416015,8:28:6,3/4/2017,193.00,192.69,194.00
51.5231056213,-0.0351433014,8:28:7,3/4/2017,193.00,193.01,194.00
51.5231132507,-0.0351416015,8:28:8,3/4/2017,193.00,192.94,194.00
51.5231208801,-0.0351383018,8:28:9,3/4/2017,193.00,193.01,194.00
51.5231285095,-0.0351433014,8:28:10,3/4/2017,194.00,193.47,195.00
51.5231361389,-0.0351499986,8:28:11,3/4/2017,194.00,194.01,196.00
51.5231437683,-0.0351600027,8:28:12,3/4/2017,194.00,194.03,196.00
51.5231590270,-0.0351700043,8:28:13,3/4/2017,194.00,194.11,196.00
51.5231704711,-0.0351866006,8:28:14,3/4/2017,195.00,194.82,196.00
51.5231781005,-0.0351866006,8:28:15,3/4/2017,196.00,195.34,198.00
51.5231857299,-0.0351849985,8:28:16,3/4/2017,197.00,197.80,203.00
51.5231933593,-0.0351849985,8:28:17,3/4/2017,193.00,194.51,198.00
51.5232086181,-0.0351849985,8:28:18,3/4/2017,192.00,192.01,193.00
51.5232276916,-0.0351849985,8:28:19,3/4/2017,192.00,191.60,193.00
51.5232429504,-0.0351833057,8:28:20,3/4/2017,192.00,191.92,193.00
51.5232658386,-0.0351783013,8:28:21,3/4/2017,191.00,191.28,192.00
51.5232734680,-0.0351683020,8:28:22,3/4/2017,191.00,191.04,193.00
51.5232810974,-0.0351583003,8:28:23,3/4/2017,192.00,191.15,192.00
51.5232925415,-0.0351483058,8:28:24,3/4/2017,192.00,191.96,193.00
51.5233001708,-0.0351365995,8:28:25,3/4/2017,192.00,192.01,193.00
51.5233078002,-0.0351266026,8:28:26,3/4/2017,192.00,192.00,193.00
51.5233154296,-0.0351200056,8:28:27,3/4/2017,192.00,192.02,193.00
51.5233154296,-0.0351116037,8:28:28,3/4/2017,192.00,192.30,194.00
51.5233306884,-0.0351015996,8:28:29,3/4/2017,193.00,193.01,194.00
51.5233383178,-0.0350900030,8:28:30,3/4/2017,193.00,193.03,194.00
51.5233573913,-0.0350800013,8:28:31,3/4/2017,193.00,193.46,195.00
51.5233726501,-0.0350633025,8:28:32,3/4/2017,194.00,193.87,195.00
51.5233879089,-0.0350450015,8:28:33,3/4/2017,194.00,193.12,195.00
51.5233955383,-0.0350332999,8:28:34,3/4/2017,193.00,193.07,194.00
51.5234031677,-0.0350232982,8:28:35,3/4/2017,193.00,193.02,194.00
51.5234031677,-0.0350099992,8:28:36,3/4/2017,193.00,193.03,194.00
51.5234222412,-0.0349933028,8:28:37,3/4/2017,193.00,193.02,194.00
51.5234298706,-0.0349916028,8:28:38,3/4/2017,194.00,193.05,195.00
51.5234375000,-0.0349950027,8:28:39,3/4/2017,194.00,193.95,195.00
51.5234375000,-0.0349933028,8:28:40,3/4/2017,194.00,194.05,196.00
51.5234451293,-0.0350065994,8:28:41,3/4/2017,195.00,194.67,196.00
51.5234527587,-0.0350065994,8:28:42,3/4/2017,195.00,195.02,196.00
51.5234603881,-0.0350015997,8:28:43,3/4/2017,195.00,195.02,196.00
51.5234718322,-0.0349933028,8:28:44,3/4/2017,195.00,195.04,196.00
51.5234870910,-0.0349833011,8:28:45,3/4/2017,195.00,195.03,196.00
51.5234947204,-0.0349749994,8:28:46,3/4/2017,195.00,195.03,196.00
51.5235023498,-0.0349650025,8:28:47,3/4/2017,195.00,195.03,196.00
51.5235176086,-0.0349532985,8:28:48,3/4/2017,195.00,194.96,196.00
51.5235252380,-0.0349400019,8:28:49,3/4/2017,195.00,194.99,196.00
51.5235252380,-0.0349266004,8:28:50,3/4/2017,195.00,195.13,196.00
51.5235443115,-0.0349165964,8:28:51,3/4/2017,222.00,217.29,278.00
51.5235595703,-0.0349099993,8:28:52,3/4/2017,221.00,227.69,270.00
51.5235671997,-0.0349032998,8:28:53,3/4/2017,197.00,208.67,227.00
51.5235824584,-0.0348933005,8:28:54,3/4/2017,198.00,197.18,198.00
51.5235939025,-0.0348850011,8:28:55,3/4/2017,198.00,198.24,200.00
51.5236015319,-0.0348765993,8:28:56,3/4/2017,200.00,198.97,201.00
51.5236167907,-0.0348682999,8:28:57,3/4/2017,198.00,198.28,200.00
51.5236244201,-0.0348566031,8:28:58,3/4/2017,199.00,200.31,202.00
51.5236320495,-0.0348433017,8:28:59,3/4/2017,202.00,203.01,205.00
51.5236396789,-0.0348333001,8:29:0,3/4/2017,202.00,201.99,204.00
51.5236473083,-0.0348266005,8:29:1,3/4/2017,202.00,201.83,203.00
51.5236587524,-0.0348182964,8:29:2,3/4/2017,202.00,202.04,204.00
51.5236663818,-0.0348116016,8:29:3,3/4/2017,201.00,201.66,203.00
51.5236816406,-0.0348066043,8:29:4,3/4/2017,200.00,201.05,202.00
51.5236892700,-0.0348016023,8:29:5,3/4/2017,200.00,200.45,202.00
51.5236968994,-0.0348016023,8:29:6,3/4/2017,200.00,199.98,201.00
51.5237045288,-0.0347916007,8:29:7,3/4/2017,199.00,199.19,201.00
51.5237236022,-0.0347849988,8:29:8,3/4/2017,199.00,199.27,201.00
51.5237388610,-0.0347816014,8:29:9,3/4/2017,199.00,199.06,200.00
51.5237464904,-0.0347782993,8:29:10,3/4/2017,198.00,199.03,200.00
51.5237617492,-0.0347716045,8:29:11,3/4/2017,199.00,198.27,200.00
51.5237808227,-0.0347699999,8:29:12,3/4/2017,197.00,197.26,199.00
51.5237960815,-0.0347716045,8:29:13,3/4/2017,197.00,196.96,198.00
51.5238037109,-0.0347716045,8:29:14,3/4/2017,197.00,196.42,198.00
51.5238189697,-0.0347682976,8:29:15,3/4/2017,195.00,195.67,197.00
51.5238265991,-0.0347682976,8:29:16,3/4/2017,195.00,194.99,196.00
51.5238456726,-0.0347633004,8:29:17,3/4/2017,195.00,195.12,197.00
51.5238609313,-0.0347583031,8:29:18,3/4/2017,195.00,194.98,196.00
51.5238685607,-0.0347499990,8:29:19,3/4/2017,196.00,195.15,196.00
51.5238761901,-0.0347433042,8:29:20,3/4/2017,197.00,196.00,197.00
51.5238838195,-0.0347415971,8:29:21,3/4/2017,197.00,196.59,198.00
51.5239028930,-0.0347400045,8:29:22,3/4/2017,197.00,197.02,198.00
51.5239105224,-0.0347383022,8:29:23,3/4/2017,197.00,197.05,198.00
51.5239105224,-0.0347383022,8:29:24,3/4/2017,197.00,197.05,198.00
51.5239181518,-0.0347400045,8:29:25,3/4/2017,197.00,197.11,198.00
51.5239334106,-0.0347350001,8:29:26,3/4/2017,197.00,197.17,198.00
51.5239410400,-0.0347332978,8:29:27,3/4/2017,197.00,197.41,199.00
51.5239486694,-0.0347400045,8:29:28,3/4/2017,197.00,197.03,198.00
51.5239486694,-0.0347450017,8:29:29,3/4/2017,197.00,197.04,198.00
51.5239601135,-0.0347383022,8:29:30,3/4/2017,197.00,197.03,198.00
51.5239677429,-0.0347283005,8:29:31,3/4/2017,197.00,197.02,198.00
51.5239753723,-0.0347332978,8:29:32,3/4/2017,197.00,197.06,198.00
51.5239830017,-0.0347350001,8:29:33,3/4/2017,198.00,197.51,199.00
51.5239982604,-0.0347350001,8:29:34,3/4/2017,198.00,198.03,200.00
51.5240058898,-0.0347266006,8:29:35,3/4/2017,198.00,197.98,200.00
51.5240249633,-0.0347216010,8:29:36,3/4/2017,198.00,197.99,199.00
51.5240402221,-0.0347216010,8:29:37,3/4/2017,198.00,198.19,200.00
51.5240554809,-0.0347200012,8:29:38,3/4/2017,198.00,198.60,200.00
51.5240707397,-0.0347250032,8:29:39,3/4/2017,199.00,198.58,200.00
51.5240898132,-0.0347300028,8:29:40,3/4/2017,198.00,198.41,200.00
51.5241050720,-0.0347365999,8:29:41,3/4/2017,198.00,198.29,200.00
51.5241203308,-0.0347466015,8:29:42,3/4/2017,199.00,198.21,200.00
51.5241279602,-0.0347483015,8:29:43,3/4/2017,198.00,198.18,200.00
51.5241470336,-0.0347533035,8:29:44,3/4/2017,198.00,198.36,200.00
51.5241546630,-0.0347566008,8:29:45,3/4/2017,199.00,198.27,200.00
51.5241699218,-0.0347633004,8:29:46,3/4/2017,199.00,198.26,200.00
51.5241851806,-0.0347716045,8:29:47,3/4/2017,199.00,198.88,200.00
51.5242042541,-0.0347750043,8:29:48,3/4/2017,199.00,199.05,200.00
51.5242195129,-0.0347766017,8:29:49,3/4/2017,199.00,199.20,201.00
51.5242347717,-0.0347833013,8:29:50,3/4/2017,199.00,199.05,200.00
51.5242500305,-0.0347916007,8:29:51,3/4/2017,200.00,199.08,200.00
51.5242576599,-0.0347965979,8:29:52,3/4/2017,200.00,200.00,200.00
51.5242767333,-0.0348049998,8:29:53,3/4/2017,201.00,200.04,201.00
51.5242919921,-0.0348200035,8:29:54,3/4/2017,200.00,200.54,201.00
51.5242996215,-0.0348350000,8:29:55,3/4/2017,200.00,200.22,201.00
51.5243148803,-0.0348433017,8:29:56,3/4/2017,200.00,200.73,201.00
51.5243263244,-0.0348583006,8:29:57,3/4/2017,201.00,200.74,201.00
51.5243415832,-0.0348749995,8:29:58,3/4/2017,201.00,200.92,201.00
51.5243492126,-0.0348883008,8:29:59,3/4/2017,201.00,200.99,202.00
51.5243644714,-0.0348983001,8:30:0,3/4/2017,201.00,200.99,202.00
51.5243797302,-0.0349016046,8:30:1,3/4/2017,201.00,201.00,202.00
51.5244064331,-0.0349099993,8:30:2,3/4/2017,200.00,200.86,202.00
51.5244140625,-0.0349150037,8:30:3,3/4/2017,201.00,201.00,202.00
51.5244293212,-0.0349183034,8:30:4,3/4/2017,200.00,200.56,201.00
51.5244483947,-0.0349115991,8:30:5,3/4/2017,200.00,200.73,201.00
51.5244560241,-0.0349000024,8:30:6,3/4/2017,200.00,200.16,201.00
51.5244636535,-0.0348933005,8:30:7,3/4/2017,201.00,200.21,201.00
51.5244865417,-0.0348850011,8:30:8,3/4/2017,201.00,200.60,201.00
51.5245132446,-0.0348749995,8:30:9,3/4/2017,201.00,201.00,202.00
51.5245208740,-0.0348682999,8:30:10,3/4/2017,202.00,201.30,202.00
51.5245361328,-0.0348650026,8:30:11,3/4/2017,202.00,201.96,202.00
51.5245513916,-0.0348733043,8:30:12,3/4/2017,202.00,201.81,202.00
51.5245590209,-0.0348799991,8:30:13,3/4/2017,202.00,201.98,202.00
51.5245780944,-0.0348850011,8:30:14,3/4/2017,202.00,202.00,202.00
51.5245857238,-0.0348916029,8:30:15,3/4/2017,201.00,201.69,202.00
51.5245933532,-0.0349016046,8:30:16,3/4/2017,201.00,201.18,202.00
51.5245933532,-0.0349133014,8:30:17,3/4/2017,201.00,201.72,202.00
51.5246009826,-0.0349283027,8:30:18,3/4/2017,202.00,201.99,202.00
51.5246086120,-0.0349450063,8:30:19,3/4/2017,202.00,202.01,204.00
51.5246162414,-0.0349550008,8:30:20,3/4/2017,203.00,202.29,203.00
51.5246353149,-0.0349665999,8:30:21,3/4/2017,203.00,202.93,204.00
51.5246429443,-0.0349732995,8:30:22,3/4/2017,203.00,203.00,203.00
51.5246505737,-0.0349816036,8:30:23,3/4/2017,204.00,203.03,204.00
51.5246582031,-0.0349882984,8:30:24,3/4/2017,203.00,203.02,204.00
51.5246658325,-0.0349950027,8:30:25,3/4/2017,203.00,203.02,204.00
51.5246734619,-0.0350049996,8:30:26,3/4/2017,204.00,203.61,204.00
51.5246810913,-0.0350216031,8:30:27,3/4/2017,205.00,204.22,205.00
51.5246810913,-0.0350350022,8:30:28,3/4/2017,205.00,204.93,205.00
51.5246925354,-0.0350483036,8:30:29,3/4/2017,205.00,204.99,205.00
51.5247077941,-0.0350549983,8:30:30,3/4/2017,203.00,203.50,205.00
51.5247230529,-0.0350566029,8:30:31,3/4/2017,203.00,202.97,204.00
51.5247306823,-0.0350600004,8:30:32,3/4/2017,201.00,201.84,203.00
51.5247459411,-0.0350633025,8:30:33,3/4/2017,203.00,201.06,203.00
51.5247650146,-0.0350715994,8:30:34,3/4/2017,208.00,208.53,217.00
51.5247955322,-0.0350883007,8:30:37,0/0/200,208.00,208.49,209.00
51.5247879028,-0.0350900030,8:30:38,0/0/200,218.00,218.20,221.00
51.5247802734,-0.0350883007,8:30:39,0/0/200,215.00,215.38,217.00
51.5247650146,-0.0350900030,8:30:40,0/0/200,215.00,214.98,215.00
51.5247650146,-0.0350983023,8:30:41,0/0/200,214.00,214.62,215.00
51.5247650146,-0.0351000022,8:30:42,0/0/200,215.00,214.39,215.00
51.5247650146,-0.0350933027,8:30:43,0/0/200,215.00,215.00,215.00
51.5247573852,-0.0350865983,8:30:44,0/0/200,215.00,215.00,215.00
51.5247459411,-0.0350832986,8:30:45,0/0/200,215.00,215.18,216.00
51.5247383117,-0.0350832986,8:30:46,0/0/200,214.00,214.70,216.00
51.5247383117,-0.0350832986,8:30:47,0/0/200,215.00,214.17,215.00
51.5247383117,-0.0350832986,8:30:48,0/0/200,214.00,214.28,215.00
51.5247383117,-0.0350865983,8:30:49,0/0/200,214.00,213.96,214.00
51.5247306823,-0.0350883007,8:30:50,0/0/200,214.00,213.96,215.00
51.5247383117,-0.0350916028,8:30:51,0/0/200,215.00,214.96,215.00
51.5247459411,-0.0350933027,8:30:52,0/0/200,215.00,215.01,216.00
51.5247573852,-0.0350966000,8:30:53,0/0/200,216.00,215.66,216.00
51.5247650146,-0.0351000022,8:30:54,0/0/200,216.00,216.00,217.00
51.5247726440,-0.0351099991,8:30:55,0/0/200,217.00,216.18,217.00
51.5247802734,-0.0351150012,8:30:56,0/0/200,217.00,216.94,217.00
51.5247802734,-0.0351250028,8:30:57,0/0/200,217.00,216.98,217.00
51.5247879028,-0.0351282978,8:30:58,0/0/200,217.00,216.48,218.00
51.5247955322,-0.0351315999,8:30:59,0/0/200,216.00,216.00,217.00
51.5248031616,-0.0351333022,8:31:0,0/0/200,216.00,216.00,217.00
51.5248031616,-0.0351315999,8:31:1,0/0/200,216.00,216.00,217.00
51.5248031616,-0.0351282978,8:31:2,0/0/200,217.00,216.85,217.00
51.5248146057,-0.0351250028,8:31:3,0/0/200,217.00,217.00,217.00
51.5248451232,-0.0351350045,8:31:4,0/0/200,217.00,217.00,217.00
51.5248527526,-0.0351449990,8:31:5,0/0/200,217.00,217.00,218.00
51.5248527526,-0.0351449990,8:31:6,0/0/200,217.00,217.03,218.00
51.5248603820,-0.0351583003,8:31:7,0/0/200,217.00,217.27,218.00
51.5248603820,-0.0351566028,8:31:8,0/0/200,217.00,217.15,218.00
51.5248794555,-0.0351666021,8:31:9,0/0/200,218.00,217.38,218.00
51.5248794555,-0.0351750016,8:31:10,0/0/200,218.00,217.98,219.00
51.5248794555,-0.0351799988,8:31:11,0/0/200,218.00,218.00,218.00
51.5248680114,-0.0351849985,8:31:12,0/0/200,217.00,217.98,219.00
51.5248680114,-0.0351866006,8:31:13,0/0/200,218.00,217.37,218.00
51.5248794555,-0.0351983046,8:31:14,0/0/200,218.00,218.03,219.00
51.5248794555,-0.0351966023,8:31:15,0/0/200,219.00,218.50,219.00
51.5248794555,-0.0351949977,8:31:16,0/0/200,218.00,218.43,219.00
51.5248794555,-0.0351933002,8:31:17,0/0/200,219.00,218.39,219.00
51.5248870849,-0.0352116060,8:31:18,0/0/200,219.00,218.83,219.00
51.5248947143,-0.0352200031,8:31:19,0/0/200,218.00,218.00,219.00
51.5249023437,-0.0352299976,8:31:20,0/0/200,218.00,218.02,220.00
51.5249099731,-0.0352416014,8:31:21,0/0/200,218.00,218.05,219.00
51.5249099731,-0.0352432990,8:31:22,0/0/200,218.00,218.33,219.00
51.5249099731,-0.0352432990,8:31:23,0/0/200,218.00,218.42,219.00
51.5249099731,-0.0352432990,8:31:24,0/0/200,217.00,217.57,220.00
51.5249099731,-0.0352416014,8:31:25,0/0/200,219.00,217.62,221.00
51.5249099731,-0.0352416014,8:31:26,0/0/200,218.00,218.27,220.00
51.5249099731,-0.0352416014,8:31:27,0/0/200,220.00,218.32,220.00
51.5249099731,-0.0352450013,8:31:28,0/0/200,218.00,220.05,221.00
51.5249099731,-0.0352450013,8:31:29,0/0/200,217.00,217.38,219.00
51.5249099731,-0.0352482986,8:31:30,0/0/200,216.00,216.36,218.00
51.5249023437,-0.0352482986,8:31:31,0/0/200,216.00,215.95,217.00
51.5249023437,-0.0352500009,8:31:32,0/0/200,216.00,215.94,217.00
51.5249023437,-0.0352516031,8:31:33,0/0/200,216.00,215.99,216.00
51.5249023437,-0.0352516031,8:31:34,0/0/200,216.00,215.75,217.00
51.5249023437,-0.0352516031,8:31:35,0/0/200,215.00,215.02,216.00
51.5249023437,-0.0352533006,8:31:36,0/0/200,215.00,214.98,216.00
51.5249023437,-0.0352550029,8:31:37,0/0/200,216.00,215.68,216.00
51.5249023437,-0.0352566003,8:31:38,0/0/200,215.00,215.00,216.00
51.5249023437,-0.0352582979,8:31:39,0/0/200,216.00,215.03,216.00
51.5249023437,-0.0352600049,8:31:40,0/0/200,216.00,215.94,217.00
51.5249023437,-0.0352616047,8:31:41,0/0/200,216.00,215.99,217.00
51.5249023437,-0.0352632999,8:31:42,0/0/200,215.00,215.08,216.00
51.5249023437,-0.0352650022,8:31:43,0/0/200,216.00,215.02,216.00
51.5249023437,-0.0352650022,8:31:44,0/0/200,216.00,215.54,216.00
51.5249023437,-0.0352683043,8:31:45,0/0/200,217.00,216.05,218.00
51.5249023437,-0.0352699995,8:31:46,0/0/200,217.00,216.96,218.00
51.5249099731,-0.0352699995,8:31:47,0/0/200,218.00,217.60,218.00
51.5249099731,-0.0352715992,8:31:48,0/0/200,219.00,218.47,220.00
51.5249099731,-0.0352715992,8:31:49,0/0/200,220.00,219.97,221.00
51.5249099731,-0.0352699995,8:31:50,0/0/200,220.00,220.00,221.00
51.5249099731,-0.0352683043,8:31:51,0/0/200,220.00,220.14,222.00
51.5249099731,-0.0352666020,8:31:52,0/0/200,220.00,220.02,221.00
51.5249023437,-0.0352666020,8:31:53,0/0/200,221.00,220.64,221.00
51.5249023437,-0.0352666020,8:31:54,0/0/200,221.00,220.77,221.00
51.5249023437,-0.0352650022,8:31:55,0/0/200,222.00,221.00,222.00
51.5249023437,-0.0352650022,8:31:56,0/0/200,226.00,224.72,226.00
51.5249023437,-0.0352650022,8:31:57,0/0/200,226.00,226.89,228.00
51.5248947143,-0.0352650022,8:31:58,0/0/200,226.00,225.93,227.00
51.5248947143,-0.0352650022,8:31:59,0/0/200,226.00,225.90,227.00
51.5248870849,-0.0352632999,8:32:0,0/0/200,227.00,226.53,227.00
51.5248870849,-0.0352632999,8:32:1,0/0/200,228.00,227.71,228.00
51.5248870849,-0.0352632999,8:32:2,0/0/200,228.00,228.00,229.00
51.5248870849,-0.0352632999,8:32:3,0/0/200,229.00,228.39,229.00
51.5248794555,-0.0352632999,8:32:4,0/0/200,229.00,228.93,230.00
51.5248794555,-0.0352632999,8:32:5,0/0/200,223.00,223.97,229.00
51.5248794555,-0.0352632999,8:32:6,0/0/200,224.00,223.82,224.00
51.5248794555,-0.0352632999,8:32:7,0/0/200,225.00,224.72,225.00
51.5248794555,-0.0352616047,8:32:8,0/0/200,223.00,223.86,225.00
51.5248680114,-0.0352600049,8:32:9,0/0/200,224.00,224.00,225.00
51.5248680114,-0.0352582979,8:32:10,0/0/200,225.00,224.36,225.00
51.5248680114,-0.0352533006,8:32:11,0/0/200,224.00,224.11,225.00
51.5248680114,-0.0352450013,8:32:12,0/0/200,225.00,224.92,225.00
51.5248603820,-0.0352383017,8:32:13,0/0/200,225.00,225.03,227.00
51.5248603820,-0.0352349996,8:32:14,0/0/200,226.00,225.16,226.00
51.5248603820,-0.0352333045,8:32:15,0/0/200,226.00,226.00,227.00
51.5248603820,-0.0352349996,8:32:16,0/0/200,226.00,226.00,227.00
51.5248603820,-0.0352365994,8:32:17,0/0/200,226.00,225.90,227.00
51.5248603820,-0.0352333045,8:32:18,0/0/200,225.00,225.12,226.00
51.5248603820,-0.0352333045,8:32:19,0/0/200,224.00,225.00,225.00
51.5248603820,-0.0352333045,8:32:20,0/0/200,224.00,224.01,225.00
51.5248603820,-0.0352316021,8:32:21,0/0/200,224.00,224.03,225.00
51.5248603820,-0.0352316021,8:32:22,0/0/200,225.00,224.02,225.00
51.5248527526,-0.0352316021,8:32:23,0/0/200,224.00,224.03,225.00
51.5248527526,-0.0352333045,8:32:24,0/0/200,224.00,224.00,225.00
51.5248527526,-0.0352333045,8:32:25,0/0/200,224.00,224.00,224.00
51.5248527526,-0.0352349996,8:32:26,0/0/200,223.00,223.72,224.00
51.5248527526,-0.0352349996,8:32:27,0/0/200,224.00,223.69,224.00
51.5248527526,-0.0352349996,8:32:28,0/0/200,224.00,224.00,225.00
51.5248527526,-0.0352365994,8:32:29,0/0/200,225.00,224.30,225.00
51.5248527526,-0.0352349996,8:32:30,0/0/200,224.00,223.94,226.00
51.5248527526,-0.0352333045,8:32:31,0/0/200,224.00,223.98,225.00
51.5248527526,-0.0352316021,8:32:32,0/0/200,223.00,223.13,224.00
51.5248527526,-0.0352316021,8:32:33,0/0/200,224.00,223.09,224.00
51.5248527526,-0.0352333045,8:32:34,0/0/200,224.00,224.00,225.00
51.5248527526,-0.0352333045,8:32:35,0/0/200,224.00,224.00,224.00
51.5248527526,-0.0352365994,8:32:36,0/0/200,223.00,223.36,224.00
51.5248527526,-0.0352383017,8:32:37,0/0/200,224.00,223.63,224.00
51.5248527526,-0.0352400016,8:32:38,0/0/200,224.00,223.97,224.00
51.5248527526,-0.0352400016,8:32:39,0/0/200,223.00,223.13,225.00
51.5248527526,-0.0352383017,8:32:40,0/0/200,222.00,222.01,223.00
51.5248527526,-0.0352365994,8:32:41,0/0/200,223.00,221.99,223.00
51.5248527526,-0.0352333045,8:32:42,0/0/200,226.00,223.87,226.00
51.5248527526,-0.0352283000,8:32:43,0/0/200,227.00,226.54,227.00
51.5248527526,-0.0352216005,8:32:44,0/0/200,229.00,227.49,229.00
51.5248603820,-0.0352250003,8:32:45,0/0/200,230.00,229.28,230.00
51.5248527526,-0.0352283000,8:32:46,0/0/200,230.00,229.78,232.00
51.5248451232,-0.0352316021,8:32:47,0/0/200,231.00,230.62,231.00
51.5248374938,-0.0352365994,8:32:48,0/0/200,230.00,230.86,232.00
51.5248298645,-0.0352349996,8:32:49,0/0/200,230.00,230.01,231.00
51.5248146057,-0.0352316021,8:32:50,0/0/200,232.00,229.55,233.00
51.5248374938,-0.0352450013,8:32:51,0/0/200,232.00,232.52,235.00
51.5248374938,-0.0352450013,8:32:52,0/0/200,232.00,232.48,234.00
51.5248451232,-0.0352432990,8:32:53,0/0/200,232.00,231.67,232.00
51.5248527526,-0.0352316021,8:32:54,0/0/200,231.00,231.77,233.00
51.5248451232,-0.0352050042,8:32:55,0/0/200,231.00,231.72,233.00
51.5248374938,-0.0351750016,8:32:56,0/0/200,239.00,236.83,240.00
51.5248298645,-0.0351216030,8:32:59,0/0/200,223.00,223.36,225.00
51.5248222351,-0.0351099991,8:33:0,3/4/2017,222.00,222.00,222.00
51.5248222351,-0.0350950002,8:33:1,3/4/2017,223.00,222.78,223.00
51.5248146057,-0.0350750017,8:33:2,3/4/2017,224.00,223.43,224.00
51.5248146057,-0.0350649976,8:33:3,3/4/2017,224.00,224.00,224.00
51.5248146057,-0.0350549983,8:33:4,3/4/2017,225.00,224.18,225.00
51.5248146057,-0.0350483036,8:33:5,3/4/2017,225.00,225.00,225.00
51.5248146057,-0.0350400018,8:33:6,3/4/2017,225.00,225.00,226.00
51.5248222351,-0.0350350022,8:33:7,3/4/2017,229.00,225.98,230.00
51.5248222351,-0.0350316023,8:33:8,3/4/2017,232.00,234.52,258.00
51.5248222351,-0.0350133037,8:33:9,3/4/2017,240.00,233.85,240.00
51.5248146057,-0.0349950027,8:33:10,3/4/2017,243.00,246.64,254.00
51.5248146057,-0.0349916028,8:33:11,3/4/2017,242.00,243.13,249.00
51.5248146057,-0.0349850034,8:33:12,3/4/2017,239.00,240.36,243.00
51.5248146057,-0.0349833011,8:33:13,3/4/2017,238.00,237.50,240.00
51.5248146057,-0.0349833011,8:33:14,3/4/2017,234.00,234.84,236.00
51.5248222351,-0.0349816036,8:33:15,3/4/2017,234.00,234.00,234.00
51.5248222351,-0.0349800014,8:33:16,3/4/2017,233.00,233.52,235.00
51.5248222351,-0.0349800014,8:33:17,3/4/2017,234.00,233.95,234.00
51.5248222351,-0.0349766016,8:33:18,3/4/2017,234.00,234.00,235.00
51.5248222351,-0.0349749994,8:33:19,3/4/2017,237.00,236.08,237.00
51.5248222351,-0.0349749994,8:33:20,3/4/2017,239.00,237.24,239.00
51.5248222351,-0.0349732995,8:33:21,3/4/2017,235.00,235.36,239.00
51.5248298645,-0.0349715995,8:33:22,3/4/2017,230.00,232.27,236.00
51.5248222351,-0.0349566006,8:33:23,3/4/2017,229.00,229.77,231.00
51.5248298645,-0.0349382996,8:33:24,3/4/2017,232.00,234.00,238.00
51.5248374938,-0.0349183034,8:33:25,3/4/2017,233.00,231.92,236.00
51.5248451232,-0.0348866009,8:33:26,3/4/2017,228.00,229.46,232.00
51.5248527526,-0.0348616003,8:33:27,3/4/2017,227.00,227.14,229.00
51.5248527526,-0.0348415994,8:33:28,3/4/2017,227.00,226.30,227.00
51.5248527526,-0.0348083019,8:33:29,3/4/2017,229.00,229.28,230.00
51.5248527526,-0.0347816014,8:33:30,3/4/2017,229.00,230.41,233.00
51.5248527526,-0.0347583031,8:33:31,3/4/2017,233.00,230.75,241.00
51.5248603820,-0.0347383022,8:33:32,3/4/2017,227.00,231.04,236.00
51.5248603820,-0.0347149991,8:33:33,3/4/2017,227.00,230.21,235.00
51.5248603820,-0.0346950030,8:33:34,3/4/2017,225.00,225.99,229.00
51.5248603820,-0.0346716022,8:33:35,3/4/2017,227.00,225.80,228.00
51.5248603820,-0.0346483016,8:33:36,3/4/2017,224.00,226.30,230.00
51.5248603820,-0.0346300005,8:33:37,3/4/2017,225.00,224.86,226.00
51.5248603820,-0.0346099996,8:33:38,3/4/2017,226.00,225.23,226.00
51.5248680114,-0.0345916008,8:33:39,3/4/2017,228.00,226.15,228.00
51.5248680114,-0.0345799970,8:33:40,3/4/2017,227.00,227.06,228.00
51.5248794555,-0.0345715999,8:33:41,3/4/2017,227.00,227.03,228.00
51.5248947143,-0.0345700025,8:33:42,3/4/2017,228.00,227.64,228.00
51.5249023437,-0.0345683050,8:33:43,3/4/2017,228.00,227.58,228.00
51.5249099731,-0.0345616006,8:33:44,3/4/2017,227.00,226.91,228.00
51.5249099731,-0.0345499992,8:33:45,3/4/2017,227.00,226.01,227.00
51.5249023437,-0.0345315980,8:33:46,3/4/2017,226.00,227.40,229.00
51.5249023437,-0.0345149993,8:33:47,3/4/2017,224.00,224.94,227.00
51.5248947143,-0.0344983005,8:33:48,3/4/2017,224.00,223.96,224.00
51.5248947143,-0.0344783043,8:33:49,3/4/2017,223.00,223.88,225.00
51.5248947143,-0.0344566059,8:33:50,3/4/2017,223.00,223.03,224.00
51.5248870849,-0.0344333028,8:33:51,3/4/2017,221.00,221.92,223.00
51.5248870849,-0.0344099998,8:33:52,3/4/2017,219.00,216.39,220.00
51.5248870849,-0.0343915987,8:33:53,3/4/2017,219.00,218.97,220.00
51.5248794555,-0.0343750000,8:33:54,3/4/2017,221.00,219.88,221.00
51.5248794555,-0.0343465995,8:33:55,3/4/2017,221.00,221.07,222.00
51.5248680114,-0.0343250012,8:33:56,3/4/2017,222.00,221.98,223.00
51.5248680114,-0.0343033027,8:33:57,3/4/2017,222.00,221.95,222.00
51.5248680114,-0.0342815995,8:33:58,3/4/2017,223.00,222.60,224.00
51.5248680114,-0.0342600011,8:33:59,3/4/2017,224.00,223.07,224.00
51.5248794555,-0.0342383027,8:34:0,3/4/2017,224.00,224.25,225.00
51.5248870849,-0.0342182993,8:34:1,3/4/2017,226.00,225.16,228.00
51.5248947143,-0.0341982984,8:34:2,3/4/2017,227.00,226.60,228.00
51.5248947143,-0.0341783022,8:34:3,3/4/2017,228.00,227.30,229.00
51.5248947143,-0.0341632986,8:34:4,3/4/2017,226.00,226.65,228.00
51.5249099731,-0.0341482996,8:34:5,3/4/2017,226.00,225.15,227.00
51.5249176025,-0.0341300010,8:34:6,3/4/2017,226.00,226.36,227.00
51.5249099731,-0.0341100025,8:34:7,3/4/2017,227.00,226.65,227.00
51.5249099731,-0.0340950012,8:34:8,3/4/2017,227.00,226.55,228.00
51.5249099731,-0.0340700030,8:34:9,3/4/2017,227.00,230.06,233.00
51.5249176025,-0.0340433001,8:34:10,3/4/2017,227.00,228.25,232.00
51.5249176025,-0.0340183019,8:34:11,3/4/2017,228.00,228.34,231.00
51.5249176025,-0.0339900016,8:34:12,3/4/2017,231.00,229.18,231.00
51.5249252319,-0.0339683032,8:34:13,3/4/2017,231.00,230.75,231.00
51.5249176025,-0.0339432978,8:34:14,3/4/2017,228.00,229.48,231.00
51.5249099731,-0.0339233016,8:34:15,3/4/2017,229.00,229.08,231.00
51.5249099731,-0.0338966012,8:34:16,3/4/2017,231.00,230.57,231.00
51.5249099731,-0.0338750004,8:34:17,3/4/2017,232.00,231.36,232.00
51.5249176025,-0.0338566040,8:34:18,3/4/2017,232.00,231.96,233.00
51.5249252319,-0.0338333010,8:34:19,3/4/2017,233.00,232.57,235.00
51.5249366760,-0.0338083028,8:34:20,3/4/2017,230.00,230.66,233.00
51.5249443054,-0.0337916016,8:34:21,3/4/2017,230.00,229.48,231.00
51.5249519348,-0.0337749981,8:34:22,3/4/2017,228.00,228.06,230.00
51.5249595642,-0.0337599992,8:34:23,3/4/2017,227.00,227.51,228.00
51.5249595642,-0.0337399983,8:34:24,3/4/2017,229.00,227.15,229.00
51.5249595642,-0.0337166047,8:34:25,3/4/2017,227.00,228.75,230.00
51.5249671936,-0.0336950016,8:34:26,3/4/2017,225.00,225.92,228.00
51.5249671936,-0.0336782979,8:34:27,3/4/2017,224.00,223.94,225.00
51.5249824523,-0.0336600017,8:34:28,3/4/2017,223.00,223.46,225.00
51.5249824523,-0.0336416006,8:34:29,3/4/2017,224.00,223.00,224.00
51.5249824523,-0.0336233019,8:34:30,3/4/2017,221.00,222.42,224.00
51.5249824523,-0.0336100006,8:34:31,3/4/2017,220.00,220.45,221.00
51.5249900817,-0.0335950016,8:34:32,3/4/2017,220.00,220.02,221.00
51.5250015258,-0.0335766029,8:34:33,3/4/2017,221.00,220.39,221.00
51.5250091552,-0.0335550045,8:34:34,3/4/2017,221.00,220.80,221.00
51.5250167846,-0.0335333013,8:34:35,3/4/2017,221.00,220.50,221.00
51.5250167846,-0.0335150003,8:34:36,3/4/2017,221.00,220.87,222.00
51.5250320434,-0.0334966039,8:34:37,3/4/2017,223.00,222.39,223.00
51.5250320434,-0.0334715986,8:34:38,3/4/2017,225.00,224.19,225.00
51.5250473022,-0.0334483027,8:34:39,3/4/2017,226.00,225.55,226.00
51.5250587463,-0.0334299993,8:34:40,3/4/2017,225.00,225.97,226.00
51.5250740051,-0.0334166026,8:34:41,3/4/2017,228.00,231.41,237.00
51.5250816345,-0.0334016036,8:34:42,3/4/2017,221.00,225.59,229.00
51.5250968933,-0.0333866000,8:34:43,3/4/2017,211.00,214.91,220.00
51.5251121520,-0.0333732986,8:34:44,3/4/2017,207.00,208.70,212.00
51.5251235961,-0.0333649992,8:34:45,3/4/2017,212.00,209.02,212.00
51.5251312255,-0.0333582997,8:34:46,3/4/2017,215.00,213.50,217.00
51.5251388549,-0.0333516001,8:34:47,3/4/2017,219.00,215.81,219.00
51.5251541137,-0.0333449983,8:34:48,3/4/2017,241.00,230.84,244.00
51.5251693725,-0.0333365964,8:34:49,3/4/2017,245.00,243.68,248.00
51.5251808166,-0.0333299994,8:34:50,3/4/2017,235.00,236.07,239.00
51.5251960754,-0.0333215999,8:34:51,3/4/2017,236.00,234.00,239.00
51.5251960754,-0.0333100032,8:34:52,3/4/2017,231.00,230.37,235.00
51.5252037048,-0.0332932996,8:34:53,3/4/2017,232.00,230.45,233.00
51.5252113342,-0.0332800006,8:34:54,3/4/2017,222.00,227.30,233.00
51.5252265930,-0.0332633018,8:34:55,3/4/2017,223.00,222.72,224.00
51.5252342224,-0.0332516002,8:34:56,3/4/2017,225.00,224.00,226.00
51.5252456665,-0.0332400035,8:34:57,3/4/2017,224.00,224.88,226.00
51.5252609252,-0.0332266044,8:34:58,3/4/2017,226.00,224.63,227.00
51.5252685546,-0.0332150006,8:34:59,3/4/2017,228.00,227.02,229.00
51.5252685546,-0.0332150006,8:35:0,3/4/2017,232.00,229.20,235.00
51.5252685546,-0.0332150006,8:35:0,3/4/2017,231.00,231.00,231.00
51.5252685546,-0.0332150006,8:35:1,3/4/2017,230.00,231.04,235.00
51.5252685546,-0.0332150006,8:35:1,3/4/2017,230.00,230.00,230.00
51.5252685546,-0.0332150006,8:35:2,3/4/2017,231.00,230.71,232.00
51.5252685546,-0.0332150006,8:35:2,3/4/2017,231.00,231.00,231.00
51.5252685546,-0.0332150006,8:35:3,3/4/2017,232.00,231.07,233.00
51.5252685546,-0.0332150006,8:35:3,3/4/2017,232.00,232.00,232.00
51.5252685546,-0.0332150006,8:35:4,3/4/2017,231.00,231.28,233.00
51.5252685546,-0.0332150006,8:35:4,3/4/2017,231.00,231.00,231.00
51.5252685546,-0.0332150006,8:35:5,3/4/2017,232.00,231.51,233.00
51.5252685546,-0.0332150006,8:35:5,3/4/2017,232.00,232.00,232.00
51.5252685546,-0.0332150006,8:35:6,3/4/2017,232.00,232.32,234.00
51.5252685546,-0.0332150006,8:35:6,3/4/2017,233.00,233.00,233.00
51.5252685546,-0.0332150006,8:35:7,3/4/2017,233.00,232.99,235.00
51.5252685546,-0.0332150006,8:35:7,3/4/2017,233.00,233.00,233.00
51.5252685546,-0.0332150006,8:35:8,3/4/2017,233.00,233.82,235.00
51.5252685546,-0.0332150006,8:35:8,3/4/2017,234.00,234.00,234.00
51.5252685546,-0.0332150006,8:35:9,3/4/2017,234.00,234.04,236.00
51.5252685546,-0.0332150006,8:35:9,3/4/2017,234.00,234.00,234.00
51.5252685546,-0.0332150006,8:35:10,3/4/2017,234.00,234.56,237.00
51.5252685546,-0.0332150006,8:35:10,3/4/2017,234.00,234.00,234.00