latitude,longitude,time,date,sound val,sound avg,sound pek
51.5003242492,0.0053632998,15:4:56,21/9/2017,3,4.98,31
51.5003814697,0.0053550000,15:4:58,21/9/2017,55,9.27,55
51.5004158020,0.0053300004,15:4:59,21/9/2017,25,19.35,124
51.5004386901,0.0053150005,15:5:0,21/9/2017,29,14.83,71
51.5006752014,0.0047649998,15:5:0,21/9/2017,17,10.85,48
51.5006828308,0.0047115998,15:5:2,21/9/2017,4,13.61,110
51.5006828308,0.0046733002,15:5:3,21/9/2017,7,8.37,61
51.5006904602,0.0046416001,15:5:4,21/9/2017,17,9.30,56
51.5006828308,0.0046166000,15:5:4,21/9/2017,11,11.88,71
51.5006828308,0.0045949997,15:5:6,21/9/2017,3,19.59,93
51.5006904602,0.0045749998,15:5:7,21/9/2017,14,18.39,165
51.5006980895,0.0045532999,15:5:8,21/9/2017,10,7.94,74
51.5006980895,0.0045349998,15:5:8,21/9/2017,6,6.48,48
51.5007095336,0.0045166001,15:5:10,21/9/2017,17,12.03,64
51.5007095336,0.0045050001,15:5:11,21/9/2017,2,5.56,27
51.5007095336,0.0044865999,15:5:12,21/9/2017,28,13.16,61
51.5007095336,0.0044800000,15:5:12,21/9/2017,32,20.04,159
51.5007171630,0.0044583005,15:5:14,21/9/2017,16,22.64,124
51.5007171630,0.0044316000,15:5:15,21/9/2017,15,14.65,85
51.5007247924,0.0044100003,15:5:16,21/9/2017,10,18.46,69
51.5007171630,0.0043916001,15:5:16,21/9/2017,6,8.53,44
51.5007171630,0.0043682999,15:5:18,21/9/2017,9,6.52,40
51.5007171630,0.0043483004,15:5:19,21/9/2017,21,22.38,212
51.5007095336,0.0043300004,15:5:20,21/9/2017,96,22.74,115
51.5006980895,0.0043049998,15:5:20,21/9/2017,25,27.99,171
51.5006904602,0.0042866001,15:5:22,21/9/2017,21,19.58,108
51.5006828308,0.0042600002,15:5:23,21/9/2017,14,11.93,63
51.5006752014,0.0042416005,15:5:24,21/9/2017,21,19.98,91
51.5006675720,0.0042283005,15:5:24,21/9/2017,9,12.86,56
51.5006599426,0.0042165999,15:5:26,21/9/2017,10,15.05,98
51.5006446838,0.0041983003,15:5:27,21/9/2017,102,15.53,102
51.5006332397,0.0041766004,15:5:28,21/9/2017,24,21.40,101
51.5006256103,0.0041532998,15:5:28,21/9/2017,20,15.39,104
51.5006179809,0.0041333003,15:5:30,21/9/2017,3,14.67,95
51.5006103515,0.0041115999,15:5:31,21/9/2017,11,10.12,58
51.5006027221,0.0040900001,15:5:32,21/9/2017,2,9.63,50
51.5005950927,0.0040733003,15:5:32,21/9/2017,3,4.62,28
51.5005950927,0.0040515999,15:5:34,21/9/2017,5,5.57,50
51.5006027221,0.0040333003,15:5:35,21/9/2017,17,10.78,56
51.5006027221,0.0040150003,15:5:36,21/9/2017,8,10.30,71
51.5006103515,0.0039933002,15:5:36,21/9/2017,16,8.65,54
51.5006179809,0.0039750003,15:5:38,21/9/2017,0,9.16,60
51.5006256103,0.0039532999,15:5:39,21/9/2017,2,4.71,51
51.5006332397,0.0039383001,15:5:40,21/9/2017,3,5.84,47
51.5006446838,0.0039215998,15:5:40,21/9/2017,3,6.24,49
51.5006523132,0.0039049997,15:5:42,21/9/2017,5,8.13,55
51.5006675720,0.0038882999,15:5:43,21/9/2017,1,4.22,25
51.5006752014,0.0038750000,15:5:44,21/9/2017,3,3.62,36
51.5006904602,0.0038616001,15:5:44,21/9/2017,12,4.36,34
51.5006980895,0.0038533000,15:5:46,21/9/2017,1,4.50,38
51.5007095336,0.0038400001,15:5:47,21/9/2017,0,4.14,36
51.5007247924,0.0038266000,15:5:48,21/9/2017,0,3.59,37
51.5007324218,0.0038100002,15:5:48,21/9/2017,3,7.11,50
51.5007476806,0.0037932996,15:5:50,21/9/2017,3,9.10,79
51.5007553100,0.0037833001,15:5:51,21/9/2017,1,8.11,47
51.5007743835,0.0037716002,15:5:52,21/9/2017,11,4.50,40
51.5007820129,0.0037582998,15:5:52,21/9/2017,7,6.62,46
51.5007972717,0.0037432999,15:5:54,21/9/2017,9,8.52,117
51.5008049011,0.0037283000,15:5:55,21/9/2017,11,7.93,97
51.5008201599,0.0037083001,15:5:56,21/9/2017,11,8.17,84
51.5008316040,0.0036950004,15:5:56,21/9/2017,2,7.32,60
51.5008316040,0.0036800003,15:5:58,21/9/2017,5,9.11,68
51.5008468627,0.0036665999,15:5:59,21/9/2017,11,10.74,77
51.5008544921,0.0036549999,15:6:0,21/9/2017,3,7.62,62
51.5008621215,0.0036416001,15:6:0,21/9/2017,11,6.93,92
51.5008697509,0.0036283001,15:6:2,21/9/2017,9,10.22,61
51.5008888244,0.0036100001,15:6:3,21/9/2017,17,7.87,81
51.5008964538,0.0035915999,15:6:4,21/9/2017,16,9.67,71
51.5009040832,0.0035766000,15:6:4,21/9/2017,30,19.53,152
51.5009193420,0.0035633001,15:6:6,21/9/2017,19,15.43,138
51.5009269714,0.0035500001,15:6:7,21/9/2017,8,19.50,113
51.5009346008,0.0035350000,15:6:8,21/9/2017,15,14.73,103
51.5009422302,0.0035150003,15:6:8,21/9/2017,19,11.51,77
51.5009613037,0.0034965996,15:6:10,21/9/2017,21,13.40,99
51.5009689331,0.0034783003,15:6:11,21/9/2017,21,17.54,70
51.5009689331,0.0034615998,15:6:12,21/9/2017,24,18.15,90
51.5009765625,0.0034383001,15:6:12,21/9/2017,14,21.67,116
51.5009841918,0.0034083003,15:6:14,21/9/2017,29,35.47,175
51.5009841918,0.0033833003,15:6:15,21/9/2017,23,29.41,173
51.5009918212,0.0033599998,15:6:16,21/9/2017,15,16.88,121
51.5009994506,0.0033450002,15:6:16,21/9/2017,19,15.46,86
51.5010108947,0.0033266000,15:6:18,21/9/2017,22,28.20,105
51.5010185241,0.0033000004,15:6:19,21/9/2017,9,22.56,105
51.5010185241,0.0032732999,15:6:20,21/9/2017,26,20.62,91
51.5010185241,0.0032500000,15:6:20,21/9/2017,14,19.47,93
51.5010185241,0.0032283000,15:6:22,21/9/2017,27,19.96,127
51.5010261535,0.0032032999,15:6:23,21/9/2017,13,19.17,179
51.5010261535,0.0031749999,15:6:24,21/9/2017,10,17.74,175
51.5010261535,0.0031516001,15:6:24,21/9/2017,19,20.36,144
51.5010261535,0.0031300001,15:6:26,21/9/2017,34,20.66,108
51.5010337829,0.0031132998,15:6:27,21/9/2017,21,33.33,295
51.5010414123,0.0030900001,15:6:28,21/9/2017,30,24.12,136
51.5010414123,0.0030750000,15:6:28,21/9/2017,11,10.16,122
51.5010490417,0.0030566003,15:6:30,21/9/2017,17,8.43,107
51.5010490417,0.0030383000,15:6:31,21/9/2017,13,10.86,85
51.5010566711,0.0030200002,15:6:32,21/9/2017,37,15.68,125
51.5010566711,0.0030000000,15:6:32,21/9/2017,7,12.00,100
51.5010643005,0.0029782999,15:6:34,21/9/2017,11,9.56,90
51.5010643005,0.0029600000,15:6:35,21/9/2017,21,19.78,124
51.5010757446,0.0029450001,15:6:36,21/9/2017,21,22.28,105
51.5010833740,0.0029283000,15:6:36,21/9/2017,13,28.10,113
51.5010833740,0.0029100000,15:6:38,21/9/2017,4,5.76,87
51.5010833740,0.0028900001,15:6:39,21/9/2017,4,6.37,109
51.5010833740,0.0028716001,15:6:40,21/9/2017,5,7.60,97
51.5010833740,0.0028516001,15:6:40,21/9/2017,10,14.73,84
51.5010833740,0.0028316001,15:6:42,21/9/2017,16,9.33,80
51.5010833740,0.0028115999,15:6:43,21/9/2017,3,10.71,83
51.5010910034,0.0027933001,15:6:44,21/9/2017,11,12.59,92
51.5010910034,0.0027716002,15:6:44,21/9/2017,11,22.01,112
51.5010910034,0.0027516002,15:6:46,21/9/2017,4,15.91,116
51.5010910034,0.0027316000,15:6:47,21/9/2017,10,5.67,137
51.5010910034,0.0027132999,15:6:48,21/9/2017,2,4.33,111
51.5010986328,0.0026933002,15:6:48,21/9/2017,0,4.14,103
51.5010986328,0.0026750001,15:6:50,21/9/2017,4,7.24,101
51.5010986328,0.0026566002,15:6:51,21/9/2017,2,10.85,115
51.5010910034,0.0026366000,15:6:52,21/9/2017,0,8.00,102
51.5010910034,0.0026183004,15:6:52,21/9/2017,23,8.45,115
51.5010833740,0.0025983002,15:6:54,21/9/2017,14,12.03,100
51.5010757446,0.0025800001,15:6:55,21/9/2017,13,27.78,199
51.5010643005,0.0025633001,15:6:56,21/9/2017,46,29.72,236
51.5010566711,0.0025483000,15:6:56,21/9/2017,20,19.64,104
51.5010490417,0.0025350000,15:6:58,21/9/2017,10,27.12,126
51.5010414123,0.0025233001,15:6:59,21/9/2017,12,19.95,177
51.5010261535,0.0025133001,15:7:0,21/9/2017,14,12.88,92
51.5010108947,0.0025033001,15:7:0,21/9/2017,15,29.91,177
51.5009918212,0.0024949998,15:7:2,21/9/2017,19,10.71,118
51.5009765625,0.0024883003,15:7:3,21/9/2017,14,8.93,81
51.5009689331,0.0024865999,15:7:4,21/9/2017,28,6.53,69
51.5009536743,0.0024865999,15:7:4,21/9/2017,18,22.85,102
51.5009422302,0.0024883003,15:7:6,21/9/2017,30,21.93,130
51.5009269714,0.0024865999,15:7:7,21/9/2017,15,24.26,160
51.5009117126,0.0024865999,15:7:8,21/9/2017,18,21.61,78
51.5009040832,0.0024883003,15:7:8,21/9/2017,10,16.15,105
51.5008888244,0.0024900002,15:7:10,21/9/2017,14,21.91,88
51.5008697509,0.0024932999,15:7:11,21/9/2017,16,16.94,112
51.5008621215,0.0024932999,15:7:12,21/9/2017,14,12.79,124
51.5008468627,0.0024932999,15:7:12,21/9/2017,16,8.44,135
51.5008392333,0.0024949998,15:7:14,21/9/2017,11,9.50,115
51.5008201599,0.0024983000,15:7:15,21/9/2017,8,8.36,107
51.5008125305,0.0025000002,15:7:16,21/9/2017,5,7.51,127
51.5007972717,0.0024983000,15:7:16,21/9/2017,18,10.03,112
51.5007820129,0.0024932999,15:7:18,21/9/2017,10,8.93,135
51.5007743835,0.0024865999,15:7:19,21/9/2017,10,15.66,117
51.5007553100,0.0024783000,15:7:20,21/9/2017,27,14.01,119
51.5007476806,0.0024750001,15:7:20,21/9/2017,19,18.18,142
51.5007324218,0.0024715998,15:7:22,21/9/2017,8,11.29,102
51.5007247924,0.0024683001,15:7:23,21/9/2017,22,38.15,273
51.5007095336,0.0024632999,15:7:24,21/9/2017,17,13.95,108
51.5006904602,0.0024616000,15:7:24,21/9/2017,11,12.65,109
51.5006828308,0.0024583003,15:7:26,21/9/2017,25,13.74,110
51.5006675720,0.0024583003,15:7:27,21/9/2017,35,28.98,271
51.5006523132,0.0024600000,15:7:28,21/9/2017,13,24.38,132
51.5006446838,0.0024632999,15:7:28,21/9/2017,105,29.14,192
51.5006256103,0.0024649999,15:7:30,21/9/2017,16,25.05,208
51.5006179809,0.0024683001,15:7:31,21/9/2017,14,30.30,157
51.5006027221,0.0024666001,15:7:32,21/9/2017,17,40.79,160
51.5005874633,0.0024649999,15:7:32,21/9/2017,22,28.09,138
51.5005683898,0.0024649999,15:7:34,21/9/2017,18,26.96,156
51.5005607604,0.0024649999,15:7:35,21/9/2017,18,20.09,114
51.5005455017,0.0024666001,15:7:36,21/9/2017,18,42.92,356
51.5005302429,0.0024666001,15:7:36,21/9/2017,28,27.14,165
51.5005226135,0.0024649999,15:7:38,21/9/2017,20,14.27,140
51.5005035400,0.0024649999,15:7:39,21/9/2017,11,17.91,139
51.5004882812,0.0024649999,15:7:40,21/9/2017,34,24.68,150
51.5004806518,0.0024666001,15:7:40,21/9/2017,32,31.06,138
51.5004653930,0.0024683001,15:7:42,21/9/2017,29,20.53,181
51.5004463195,0.0024700000,15:7:43,21/9/2017,23,33.75,246
51.5004386901,0.0024683001,15:7:44,21/9/2017,19,21.24,143
51.5004234313,0.0024683001,15:7:44,21/9/2017,28,30.87,129
51.5004158020,0.0024683001,15:7:46,21/9/2017,25,18.09,124
51.5004005432,0.0024683001,15:7:47,21/9/2017,22,24.54,110
51.5003890991,0.0024700000,15:7:48,21/9/2017,13,29.91,172
51.5003738403,0.0024649999,15:7:48,21/9/2017,22,29.88,143
51.5003662109,0.0024616000,15:7:50,21/9/2017,24,18.37,124
51.5003509521,0.0024600000,15:7:51,21/9/2017,44,35.37,154
51.5003318786,0.0024616000,15:7:52,21/9/2017,25,25.28,168
51.5003242492,0.0024632999,15:7:52,21/9/2017,123,46.12,175
51.5003089904,0.0024616000,15:7:54,21/9/2017,52,79.15,307
51.5002937316,0.0024549999,15:7:55,21/9/2017,71,76.51,357
51.5002861022,0.0024566001,15:7:56,21/9/2017,78,78.04,340
51.5002670288,0.0024549999,15:7:56,21/9/2017,100,70.98,351
51.5002517700,0.0024500000,15:7:58,21/9/2017,56,42.94,205
51.5002365112,0.0024465999,15:7:59,21/9/2017,21,23.04,139
51.5002212524,0.0024415998,15:8:0,21/9/2017,94,56.28,293
51.5002021789,0.0024450001,15:8:0,21/9/2017,66,59.62,357
51.5001869201,0.0024415998,15:8:2,21/9/2017,33,52.87,308
51.5001792907,0.0024366002,15:8:3,21/9/2017,56,41.16,225
51.5001640319,0.0024283003,15:8:4,21/9/2017,32,58.61,195
51.5001449584,0.0024266002,15:8:4,21/9/2017,107,84.65,432
51.5001296997,0.0024266002,15:8:6,21/9/2017,29,92.87,473
51.5001144409,0.0024233002,15:8:7,21/9/2017,26,20.92,126
51.5000991821,0.0024215998,15:8:8,21/9/2017,16,28.56,162
51.5000877380,0.0024215998,15:8:8,21/9/2017,18,24.35,169
51.5000724792,0.0024215998,15:8:10,21/9/2017,18,30.06,143
51.5000572204,0.0024250001,15:8:11,21/9/2017,28,31.71,222
51.5000495910,0.0024300000,15:8:12,21/9/2017,31,28.58,255
51.5000343322,0.0024333000,15:8:12,21/9/2017,37,23.63,119
51.5000228881,0.0024333000,15:8:14,21/9/2017,5,12.89,154
51.5000076293,0.0024333000,15:8:15,21/9/2017,10,8.47,158
51.5000000000,0.0024316000,15:8:16,21/9/2017,36,15.70,214
51.4999847412,0.0024300000,15:8:16,21/9/2017,18,26.34,248
51.4999656677,0.0024300000,15:8:18,21/9/2017,20,19.18,189
51.4999504089,0.0024283003,15:8:19,21/9/2017,18,46.46,168
51.4999351501,0.0024266002,15:8:20,21/9/2017,50,34.79,266
51.4999275207,0.0024266002,15:8:20,21/9/2017,17,26.55,192
51.4999198913,0.0024233002,15:8:22,21/9/2017,23,21.76,143
51.4999008178,0.0024215998,15:8:23,21/9/2017,15,13.16,199
51.4998855590,0.0024165999,15:8:24,21/9/2017,20,10.22,190
51.4998779296,0.0024200000,15:8:24,21/9/2017,7,8.71,183
51.4998626708,0.0024215998,15:8:26,21/9/2017,14,14.33,152
51.4998435974,0.0024200000,15:8:27,21/9/2017,19,25.71,222
51.4998359680,0.0024215998,15:8:28,21/9/2017,11,16.28,149
51.4998283386,0.0024266002,15:8:28,21/9/2017,5,14.48,179
51.4998130798,0.0024266002,15:8:30,21/9/2017,0,8.38,188
51.4998054504,0.0024233002,15:8:31,21/9/2017,3,6.88,198
51.4997901916,0.0024165999,15:8:32,21/9/2017,5,6.51,180
51.4997787475,0.0024133000,15:8:32,21/9/2017,4,5.64,186
51.4997634887,0.0024150002,15:8:34,21/9/2017,0,5.23,193
51.4997558593,0.0024165999,15:8:35,21/9/2017,0,6.03,176
51.4997406005,0.0024182999,15:8:36,21/9/2017,4,6.67,220
51.4997329711,0.0024200000,15:8:36,21/9/2017,16,6.81,194
51.4997138977,0.0024215998,15:8:38,21/9/2017,5,7.98,173
51.4997062683,0.0024182999,15:8:39,21/9/2017,7,9.71,188
51.4996910095,0.0024150002,15:8:40,21/9/2017,5,12.47,168
51.4996757507,0.0024133000,15:8:40,21/9/2017,8,12.73,223
51.4996566772,0.0024082999,15:8:42,21/9/2017,25,14.81,179
51.4996414184,0.0024016001,15:8:43,21/9/2017,8,18.03,151
51.4996337890,0.0023983001,15:8:44,21/9/2017,5,12.55,220
51.4996185302,0.0024000000,15:8:44,21/9/2017,3,8.51,244
51.4995994567,0.0023983001,15:8:46,21/9/2017,7,10.09,184
51.4995841979,0.0023966000,15:8:47,21/9/2017,11,12.04,166
51.4995765686,0.0023950002,15:8:48,21/9/2017,17,13.65,212
51.4995613098,0.0023916001,15:8:48,21/9/2017,14,9.93,189
51.4995460510,0.0023882999,15:8:50,21/9/2017,24,19.95,464
51.4995269775,0.0023850002,15:8:51,21/9/2017,22,28.97,339
51.4995117187,0.0023816003,15:8:52,21/9/2017,29,27.52,343
51.4994964599,0.0023816003,15:8:52,21/9/2017,22,33.33,388
51.4994773864,0.0023850002,15:8:54,21/9/2017,25,35.48,323
51.4994621276,0.0023900001,15:8:55,21/9/2017,34,29.97,353
51.4994544982,0.0023933000,15:8:56,21/9/2017,22,27.72,285
51.4994392395,0.0023916001,15:8:56,21/9/2017,52,41.58,462
51.4994239807,0.0023916001,15:8:58,21/9/2017,42,48.05,450
51.4994125366,0.0023916001,15:8:59,21/9/2017,33,40.10,345
51.4993972778,0.0023900001,15:9:0,21/9/2017,55,44.66,339
51.4993820190,0.0023882999,15:9:0,21/9/2017,31,41.95,364
51.4993743896,0.0023833000,15:9:2,21/9/2017,26,43.16,397
51.4993553161,0.0023782999,15:9:3,21/9/2017,43,37.03,349
51.4993476867,0.0023750000,15:9:4,21/9/2017,52,34.56,373
51.4993324279,0.0023733000,15:9:4,21/9/2017,46,42.09,379
51.4993247985,0.0023733000,15:9:6,21/9/2017,44,35.82,405
51.4993095397,0.0023716001,15:9:7,21/9/2017,40,30.37,335
51.4992904663,0.0023750000,15:9:8,21/9/2017,10,11.49,395
51.4992828369,0.0023733000,15:9:8,21/9/2017,13,10.60,270
51.4992675781,0.0023716001,15:9:10,21/9/2017,8,14.26,275
51.4992523193,0.0023716001,15:9:11,21/9/2017,10,14.54,278
51.4992446899,0.0023750000,15:9:12,21/9/2017,12,13.14,357
51.4992256164,0.0023750000,15:9:12,21/9/2017,56,41.24,325
51.4992103576,0.0023800001,15:9:14,21/9/2017,14,21.78,388
51.4991950988,0.0023866000,15:9:15,21/9/2017,12,19.50,267
51.4991798400,0.0023850002,15:9:16,21/9/2017,202,79.52,321
51.4991607666,0.0023882999,15:9:16,21/9/2017,10,21.56,314
51.4991531372,0.0023950002,15:9:18,21/9/2017,18,26.41,333
51.4991378784,0.0023983001,15:9:19,21/9/2017,38,32.76,318
51.4991226196,0.0023983001,15:9:20,21/9/2017,21,25.60,355
51.4991111755,0.0024016001,15:9:20,21/9/2017,21,22.78,361
51.4990959167,0.0024082999,15:9:22,21/9/2017,23,34.12,269
51.4990882873,0.0024133000,15:9:23,21/9/2017,8,29.27,448
51.4990730285,0.0024165999,15:9:24,21/9/2017,29,29.43,388
51.4990577697,0.0024182999,15:9:24,21/9/2017,30,39.14,335
51.4990463256,0.0024200000,15:9:26,21/9/2017,31,50.30,389
51.4990310668,0.0024200000,15:9:27,21/9/2017,14,26.99,312
51.4990158081,0.0024233002,15:9:28,21/9/2017,23,21.08,413
51.4990005493,0.0024283003,15:9:28,21/9/2017,22,24.14,314
51.4989891052,0.0024333000,15:9:30,21/9/2017,9,17.82,254
51.4989738464,0.0024366002,15:9:31,21/9/2017,7,15.11,370
51.4989585876,0.0024400000,15:9:32,21/9/2017,46,21.32,357
51.4989509582,0.0024450001,15:9:32,21/9/2017,7,21.93,396
51.4989356994,0.0024500000,15:9:34,21/9/2017,12,18.94,414
51.4989242553,0.0024549999,15:9:35,21/9/2017,19,21.13,374
51.4989089965,0.0024600000,15:9:36,21/9/2017,11,19.18,411
51.4989013671,0.0024632999,15:9:36,21/9/2017,13,17.72,340
51.4988861083,0.0024700000,15:9:38,21/9/2017,22,19.11,424
51.4988784790,0.0024750001,15:9:39,21/9/2017,109,33.84,331
51.4988670349,0.0024800000,15:9:40,21/9/2017,20,45.47,392
51.4988517761,0.0024865999,15:9:40,21/9/2017,47,32.12,456
51.4988365173,0.0024932999,15:9:42,21/9/2017,126,77.32,356
51.4988288879,0.0024983000,15:9:43,21/9/2017,34,51.90,297
51.4988136291,0.0025033001,15:9:44,21/9/2017,142,101.90,398
51.4987945556,0.0025065999,15:9:44,21/9/2017,24,129.76,441
51.4987869262,0.0025116002,15:9:46,21/9/2017,40,39.29,465
51.4987716674,0.0025166001,15:9:47,21/9/2017,105,88.88,351
51.4987640380,0.0025250000,15:9:48,21/9/2017,91,102.57,427
51.4987564086,0.0025315999,15:9:48,21/9/2017,111,96.76,386
51.4987373352,0.0025366001,15:9:50,21/9/2017,101,118.94,321
51.4987220764,0.0025399999,15:9:51,21/9/2017,51,66.88,353
51.4987144470,0.0025450000,15:9:52,21/9/2017,60,79.08,401
51.4986991882,0.0025515999,15:9:52,21/9/2017,123,93.69,437
51.4986915588,0.0025583002,15:9:54,21/9/2017,41,85.79,364
51.4986724853,0.0025615999,15:9:55,21/9/2017,40,38.52,426
51.4986572265,0.0025633001,15:9:56,21/9/2017,22,51.97,475
51.4986495971,0.0025683000,15:9:56,21/9/2017,128,68.21,395
51.4986343383,0.0025699999,15:9:58,21/9/2017,29,76.55,363
51.4986152648,0.0025749998,15:9:59,21/9/2017,50,37.37,442
51.4986000061,0.0025815999,15:10:0,21/9/2017,51,36.51,380
51.4985923767,0.0025900003,15:10:0,21/9/2017,38,46.77,460
51.4985847473,0.0026033000,15:10:2,21/9/2017,43,51.22,484
51.4985771179,0.0026116001,15:10:3,21/9/2017,73,54.71,381
51.4985580444,0.0026183004,15:10:4,21/9/2017,49,52.08,403
51.4985504150,0.0026250000,15:10:4,21/9/2017,66,42.64,388
51.4985427856,0.0026333000,15:10:6,21/9/2017,36,54.27,416
51.4985275268,0.0026399998,15:10:7,21/9/2017,57,55.46,380
51.4985198974,0.0026466000,15:10:8,21/9/2017,42,46.38,388
51.4985008239,0.0026549997,15:10:8,21/9/2017,32,49.69,427
51.4984931945,0.0026616003,15:10:10,21/9/2017,48,48.83,371
51.4984779357,0.0026682999,15:10:11,21/9/2017,60,43.47,340
51.4984703063,0.0026766002,15:10:12,21/9/2017,60,46.31,377
51.4984550476,0.0026816000,15:10:12,21/9/2017,55,54.95,347
51.4984474182,0.0026883001,15:10:14,21/9/2017,61,61.88,358
51.4984283447,0.0026950001,15:10:15,21/9/2017,79,93.53,386
51.4984207153,0.0027032999,15:10:16,21/9/2017,124,83.97,458
51.4984054565,0.0027100000,15:10:16,21/9/2017,53,129.78,469
51.4983978271,0.0027200002,15:10:18,21/9/2017,55,57.07,476
51.4983901977,0.0027300000,15:10:19,21/9/2017,45,49.45,439
51.4983787536,0.0027383003,15:10:20,21/9/2017,43,51.69,326
51.4983711242,0.0027466001,15:10:20,21/9/2017,40,58.27,358
51.4983558654,0.0027550003,15:10:22,21/9/2017,34,28.38,343
51.4983482360,0.0027650001,15:10:23,21/9/2017,31,28.39,299
51.4983406066,0.0027766001,15:10:24,21/9/2017,15,27.29,419
51.4983253479,0.0027850003,15:10:24,21/9/2017,29,28.43,436
51.4983139038,0.0027933001,15:10:26,21/9/2017,15,27.74,348
51.4982986450,0.0027999999,15:10:27,21/9/2017,21,25.86,414
51.4982910156,0.0028100002,15:10:28,21/9/2017,19,24.16,393
51.4982757568,0.0028183002,15:10:28,21/9/2017,14,25.83,363
51.4982681274,0.0028282999,15:10:30,21/9/2017,17,24.35,387
51.4982566833,0.0028383002,15:10:31,21/9/2017,25,26.98,436
51.4982414245,0.0028466000,15:10:32,21/9/2017,33,27.96,440
51.4982337951,0.0028565999,15:10:32,21/9/2017,20,27.65,422
51.4982185363,0.0028649999,15:10:34,21/9/2017,19,27.55,438
51.4982109069,0.0028716001,15:10:35,21/9/2017,53,39.27,368
51.4982032775,0.0028799999,15:10:36,21/9/2017,38,43.60,363
51.4981918334,0.0028916001,15:10:36,21/9/2017,67,71.40,455
51.4981842041,0.0029033002,15:10:38,21/9/2017,25,34.48,470
51.4981765747,0.0029083002,15:10:39,21/9/2017,14,33.61,428
51.4981689453,0.0029133000,15:10:40,21/9/2017,11,27.78,445
51.4981536865,0.0029200000,15:10:40,21/9/2017,42,26.49,412
51.4981460571,0.0029283000,15:10:42,21/9/2017,36,36.99,388
51.4981346130,0.0029383001,15:10:43,21/9/2017,24,56.85,395
51.4981193542,0.0029465999,15:10:44,21/9/2017,42,49.17,433
51.4981117248,0.0029583003,15:10:44,21/9/2017,54,58.72,403
51.4981040954,0.0029716000,15:10:46,21/9/2017,56,34.42,423
51.4980964660,0.0029850004,15:10:47,21/9/2017,51,50.12,390
51.4980888366,0.0030000000,15:10:48,21/9/2017,35,43.65,441
51.4980812072,0.0030150003,15:10:48,21/9/2017,49,38.17,407
51.4980697631,0.0030315999,15:10:50,21/9/2017,18,29.61,380
51.4980621337,0.0030500001,15:10:51,21/9/2017,11,26.32,418
51.4980621337,0.0030716001,15:10:52,21/9/2017,35,24.42,364
51.4980545043,0.0030932998,15:10:52,21/9/2017,12,27.99,436
51.4980545043,0.0031116003,15:10:54,21/9/2017,18,28.98,448
51.4980545043,0.0031316006,15:10:55,21/9/2017,56,33.21,423
51.4980545043,0.0031533002,15:10:56,21/9/2017,26,31.15,394
51.4980545043,0.0031749999,15:10:56,21/9/2017,23,37.42,433
51.4980545043,0.0031965999,15:10:58,21/9/2017,46,41.95,445
51.4980621337,0.0032166004,15:10:59,21/9/2017,101,39.78,395
51.4980621337,0.0032350003,15:11:0,21/9/2017,56,45.23,333
51.4980697631,0.0032533001,15:11:0,21/9/2017,92,62.77,340
51.4980812072,0.0032732999,15:11:2,21/9/2017,38,59.48,381
51.4980812072,0.0032916002,15:11:3,21/9/2017,29,63.37,412
51.4980888366,0.0033066005,15:11:4,21/9/2017,46,37.01,436
51.4980964660,0.0033250000,15:11:4,21/9/2017,68,45.47,382
51.4981040954,0.0033466000,15:11:6,21/9/2017,12,34.49,355
51.4981040954,0.0033649997,15:11:7,21/9/2017,26,31.39,353
51.4981117248,0.0033850002,15:11:8,21/9/2017,15,28.86,442
51.4981117248,0.0034016001,15:11:8,21/9/2017,13,29.05,365
51.4981193542,0.0034182999,15:11:10,21/9/2017,24,27.64,398
51.4981193542,0.0034350001,15:11:11,21/9/2017,13,27.94,420
51.4981269836,0.0034532999,15:11:12,21/9/2017,19,25.09,410
51.4981269836,0.0034700002,15:11:12,21/9/2017,15,28.23,398
51.4981346130,0.0034866001,15:11:14,21/9/2017,23,27.22,425
51.4981346130,0.0035050001,15:11:15,21/9/2017,15,27.13,418
51.4981460571,0.0035200002,15:11:16,21/9/2017,25,28.86,369
51.4981536865,0.0035366001,15:11:16,21/9/2017,26,32.89,427
51.4981536865,0.0035550000,15:11:18,21/9/2017,16,29.07,377
51.4981613159,0.0035715999,15:11:19,21/9/2017,35,30.76,394
51.4981689453,0.0035899999,15:11:20,21/9/2017,12,28.44,384
51.4981765747,0.0036065998,15:11:20,21/9/2017,39,26.79,402
51.4981842041,0.0036233000,15:11:22,21/9/2017,14,27.73,420
51.4981842041,0.0036400003,15:11:23,21/9/2017,21,28.27,365
51.4981918334,0.0036565999,15:11:24,21/9/2017,27,26.08,412
51.4982032775,0.0036750001,15:11:24,21/9/2017,17,27.10,404
51.4982109069,0.0036915998,15:11:26,21/9/2017,23,31.18,431
51.4982185363,0.0037016005,15:11:27,21/9/2017,17,25.07,372
51.4982261657,0.0037133002,15:11:28,21/9/2017,19,24.82,358
51.4982337951,0.0037266001,15:11:28,21/9/2017,14,25.83,429
51.4982414245,0.0037383003,15:11:30,21/9/2017,19,26.33,441
51.4982490539,0.0037483003,15:11:31,21/9/2017,19,22.50,406
51.4982566833,0.0037599997,15:11:32,21/9/2017,22,25.54,356
51.4982681274,0.0037750003,15:11:32,21/9/2017,14,24.79,361
51.4982757568,0.0037916002,15:11:34,21/9/2017,18,27.16,372
51.4982833862,0.0038100002,15:11:35,21/9/2017,16,28.14,353
51.4982910156,0.0038282995,15:11:36,21/9/2017,12,23.32,373
51.4982986450,0.0038466003,15:11:36,21/9/2017,23,24.21,423
51.4983062744,0.0038650002,15:11:38,21/9/2017,17,23.32,355
51.4983139038,0.0038832998,15:11:39,21/9/2017,27,26.59,471
51.4983253479,0.0039016003,15:11:40,21/9/2017,17,24.15,435
51.4983329772,0.0039215998,15:11:40,21/9/2017,20,27.65,339
51.4983329772,0.0039400005,15:11:42,21/9/2017,17,26.25,374
51.4983406066,0.0039566003,15:11:43,21/9/2017,8,24.07,353
51.4983482360,0.0039716000,15:11:44,21/9/2017,23,23.27,385
51.4983558654,0.0039900002,15:11:44,21/9/2017,20,24.54,344
51.4983558654,0.0040083003,15:11:46,21/9/2017,13,26.26,422
51.4983711242,0.0040265998,15:11:47,21/9/2017,30,31.90,351
51.4983787536,0.0040433001,15:11:48,21/9/2017,60,30.75,378
51.4983901977,0.0040583000,15:11:48,21/9/2017,14,22.13,376
51.4983978271,0.0040749998,15:11:50,21/9/2017,25,22.51,342
51.4984054565,0.0040915999,15:11:51,21/9/2017,18,21.57,414
51.4984130859,0.0041050000,15:11:52,21/9/2017,21,21.27,383
51.4984207153,0.0041216001,15:11:52,21/9/2017,11,20.85,375
51.4984283447,0.0041382999,15:11:54,21/9/2017,19,20.99,397
51.4984474182,0.0041483001,15:11:55,21/9/2017,23,20.86,384
51.4984550476,0.0041565999,15:11:56,21/9/2017,23,22.80,379
51.4984703063,0.0041650004,15:11:56,21/9/2017,22,22.59,381
51.4984779357,0.0041716003,15:11:58,21/9/2017,18,21.71,434
51.4984855651,0.0041799998,15:11:59,21/9/2017,16,22.72,368
51.4984931945,0.0041915998,15:12:0,21/9/2017,26,23.96,357
51.4985008239,0.0042100005,15:12:0,21/9/2017,35,29.37,363
51.4985122680,0.0042266006,15:12:2,21/9/2017,32,48.03,379
51.4985198974,0.0042449998,15:12:3,21/9/2017,47,51.34,390
51.4985275268,0.0042632999,15:12:4,21/9/2017,39,43.92,402
51.4985351562,0.0042783002,15:12:4,21/9/2017,37,40.82,412
51.4985427856,0.0042899999,15:12:6,21/9/2017,46,40.41,335
51.4985504150,0.0043049998,15:12:7,21/9/2017,45,47.66,356
51.4985504150,0.0043215994,15:12:8,21/9/2017,38,46.93,407
51.4985580444,0.0043416004,15:12:8,21/9/2017,37,40.77,346
51.4985694885,0.0043599996,15:12:10,21/9/2017,43,45.28,325
51.4985771179,0.0043750004,15:12:11,21/9/2017,40,46.47,434
51.4985847473,0.0043900008,15:12:12,21/9/2017,50,39.18,384
51.4985847473,0.0044082999,15:12:12,21/9/2017,45,46.46,400
51.4985923767,0.0044265999,15:12:14,21/9/2017,37,46.58,373
51.4986000061,0.0044433002,15:12:15,21/9/2017,41,39.05,380
51.4986076354,0.0044600000,15:12:16,21/9/2017,53,49.73,323
51.4986076354,0.0044783000,15:12:16,21/9/2017,48,46.49,411
51.4986076354,0.0044950003,15:12:18,21/9/2017,48,38.76,360
51.4986076354,0.0045166001,15:12:19,21/9/2017,42,44.19,369
51.4986076354,0.0045349998,15:12:20,21/9/2017,24,44.75,375
51.4986076354,0.0045532999,15:12:20,21/9/2017,47,38.29,377
51.4986152648,0.0045733003,15:12:22,21/9/2017,9,19.21,336
51.4986152648,0.0045982999,15:12:23,21/9/2017,17,20.52,428
51.4986228942,0.0046133003,15:12:24,21/9/2017,11,20.34,355
51.4986228942,0.0046266002,15:12:24,21/9/2017,18,20.08,413
51.4986419677,0.0046433000,15:12:26,21/9/2017,20,21.25,369
51.4986495971,0.0046600008,15:12:27,21/9/2017,18,20.58,392
51.4986572265,0.0046782999,15:12:28,21/9/2017,21,24.49,435
51.4986648559,0.0046983003,15:12:28,21/9/2017,17,24.95,344
51.4986724853,0.0047165994,15:12:30,21/9/2017,13,29.61,351
51.4986801147,0.0047350001,15:12:31,21/9/2017,13,24.15,414
51.4986915588,0.0047532997,15:12:32,21/9/2017,28,24.91,427
51.4986991882,0.0047700004,15:12:32,21/9/2017,27,26.42,428
51.4987068176,0.0047900004,15:12:34,21/9/2017,24,34.65,364
51.4987144470,0.0048066000,15:12:35,21/9/2017,14,29.23,404
51.4987220764,0.0048215999,15:12:36,21/9/2017,24,25.16,424
51.4987297058,0.0048365998,15:12:36,21/9/2017,19,28.05,411
51.4987373352,0.0048516001,15:12:38,21/9/2017,17,28.94,381
51.4987449645,0.0048699998,15:12:39,21/9/2017,42,26.38,378
51.4987564086,0.0048850002,15:12:40,21/9/2017,22,27.02,382
51.4987640380,0.0049000000,15:12:40,21/9/2017,25,27.29,387
51.4987716674,0.0049182996,15:12:42,21/9/2017,16,25.66,392
51.4987792968,0.0049383001,15:12:43,21/9/2017,22,25.65,352
51.4987869262,0.0049566001,15:12:44,21/9/2017,11,24.92,377
51.4987945556,0.0049749999,15:12:44,21/9/2017,36,25.46,381
51.4987945556,0.0049932999,15:12:46,21/9/2017,14,26.00,378
51.4988021850,0.0050116004,15:12:47,21/9/2017,18,23.82,372
51.4988021850,0.0050315999,15:12:48,21/9/2017,17,24.69,414
51.4988136291,0.0050515995,15:12:48,21/9/2017,25,25.02,402
51.4988212585,0.0050700001,15:12:50,21/9/2017,35,29.54,385
51.4988288879,0.0050866003,15:12:51,21/9/2017,13,27.51,397
51.4988288879,0.0051032996,15:12:52,21/9/2017,12,28.76,398
51.4988365173,0.0051216001,15:12:52,21/9/2017,21,35.66,394
51.4988441467,0.0051383008,15:12:54,21/9/2017,14,30.76,431
51.4988517761,0.0051550002,15:12:55,21/9/2017,15,25.16,420
51.4988594055,0.0051700000,15:12:56,21/9/2017,25,29.60,394
51.4988594055,0.0051850004,15:12:56,21/9/2017,13,27.54,420
51.4988594055,0.0052016000,15:12:58,21/9/2017,22,29.88,408
51.4988594055,0.0052200002,15:12:59,21/9/2017,16,28.56,319
51.4988670349,0.0052400007,15:13:0,21/9/2017,33,41.15,417
51.4988784790,0.0052600002,15:13:0,21/9/2017,39,31.36,376
51.4988861083,0.0052783002,15:13:2,21/9/2017,32,37.78,434
51.4988937377,0.0052950000,15:13:3,21/9/2017,78,63.12,379
51.4988937377,0.0053133001,15:13:4,21/9/2017,36,66.66,383
51.4989013671,0.0053333001,15:13:4,21/9/2017,33,38.30,446
51.4989089965,0.0053483004,15:13:6,21/9/2017,25,27.59,363
51.4989166259,0.0053666000,15:13:7,21/9/2017,15,24.71,385
51.4989356994,0.0053782997,15:13:8,21/9/2017,25,24.38,434
51.4989433288,0.0053866004,15:13:8,21/9/2017,11,25.57,371
51.4989509582,0.0053950004,15:13:10,21/9/2017,15,24.81,423
51.4989662170,0.0054016008,15:13:11,21/9/2017,18,24.50,376
51.4989738464,0.0054083003,15:13:12,21/9/2017,17,23.87,406
51.4989814758,0.0054166007,15:13:12,21/9/2017,6,25.52,393
51.4990005493,0.0054265999,15:13:14,21/9/2017,25,25.61,419
51.4990081787,0.0054299998,15:13:15,21/9/2017,14,25.04,389
51.4990234375,0.0054350004,15:13:16,21/9/2017,16,23.19,392
51.4990310668,0.0054382996,15:13:16,21/9/2017,16,24.96,353
51.4990463256,0.0054415998,15:13:18,21/9/2017,31,24.57,359
51.4990577697,0.0054433002,15:13:19,21/9/2017,31,24.24,384
51.4990653991,0.0054466004,15:13:20,21/9/2017,50,46.34,356
51.4990806579,0.0054483003,15:13:20,21/9/2017,56,48.15,383
51.4990882873,0.0054516005,15:13:22,21/9/2017,59,52.35,413
51.4991035461,0.0054532999,15:13:23,21/9/2017,43,45.31,422
51.4991111755,0.0054516005,15:13:24,21/9/2017,52,51.79,433
51.4991226196,0.0054466004,15:13:24,21/9/2017,129,77.70,448
51.4991378784,0.0054415998,15:13:26,21/9/2017,82,104.42,397
51.4991455078,0.0054333000,15:13:27,21/9/2017,35,61.05,366
51.4991607666,0.0054265999,15:13:28,21/9/2017,56,53.00,400
51.4991683959,0.0054149999,15:13:28,21/9/2017,21,53.99,361
51.4991798400,0.0054065999,15:13:30,21/9/2017,39,54.64,309
51.4991874694,0.0054000000,15:13:31,21/9/2017,59,53.55,349
51.4991950988,0.0053916001,15:13:32,21/9/2017,45,51.40,381
51.4992103576,0.0053866004,15:13:32,21/9/2017,43,56.79,388
51.4992179870,0.0053815994,15:13:34,21/9/2017,51,53.98,391
51.4992256164,0.0053716001,15:13:35,21/9/2017,92,83.30,358
51.4992332458,0.0053666000,15:13:36,21/9/2017,122,115.99,409
51.4992446899,0.0053632998,15:13:36,21/9/2017,107,98.54,374
51.4992523193,0.0053600001,15:13:38,21/9/2017,54,68.79,417
51.4992599487,0.0053550000,15:13:39,21/9/2017,44,55.95,432
51.4992675781,0.0053500003,15:13:40,21/9/2017,24,45.82,371
51.4992752075,0.0053516001,15:13:40,21/9/2017,34,29.29,397
51.4992828369,0.0053583002,15:13:42,21/9/2017,30,28.48,405
51.4992904663,0.0053732995,15:13:43,21/9/2017,9,27.43,378
51.4993019104,0.0053883004,15:13:44,21/9/2017,28,25.60,419
51.4993095397,0.0054065999,15:13:44,21/9/2017,31,27.30,416
51.4993171691,0.0054216003,15:13:46,21/9/2017,21,27.54,414
51.4993171691,0.0054382996,15:13:47,21/9/2017,18,26.22,405
51.4993171691,0.0054566001,15:13:48,21/9/2017,21,25.82,425
51.4993171691,0.0054766006,15:13:48,21/9/2017,20,26.08,399
51.4993171691,0.0054950003,15:13:50,21/9/2017,25,32.68,403
51.4993095397,0.0055116004,15:13:51,21/9/2017,24,30.65,400
51.4993095397,0.0055315999,15:13:52,21/9/2017,28,49.31,494
51.4993019104,0.0055483002,15:13:52,21/9/2017,21,40.16,485
51.4992904663,0.0055650000,15:13:54,21/9/2017,23,25.98,430
51.4992828369,0.0055800004,15:13:55,21/9/2017,25,24.75,417
51.4992752075,0.0055966000,15:13:56,21/9/2017,45,26.72,352
51.4992599487,0.0056099996,15:13:56,21/9/2017,20,27.67,357
51.4992523193,0.0056233000,15:13:58,21/9/2017,21,27.63,424
51.4992446899,0.0056366004,15:13:59,21/9/2017,21,33.78,418
51.4992332458,0.0056483001,15:14:0,21/9/2017,24,25.68,406
51.4992256164,0.0056582999,15:14:0,21/9/2017,28,25.31,395
51.4992179870,0.0056716003,15:14:2,21/9/2017,24,28.55,356
51.4992103576,0.0056833004,15:14:3,21/9/2017,32,35.25,424
51.4991950988,0.0056965999,15:14:4,21/9/2017,24,38.72,427
51.4991874694,0.0057100005,15:14:4,21/9/2017,21,28.09,428
51.4991798400,0.0057232999,15:14:6,21/9/2017,17,32.45,421
51.4991683959,0.0057365999,15:14:7,21/9/2017,62,31.21,434
51.4991607666,0.0057500000,15:14:8,21/9/2017,35,59.63,350
51.4991531372,0.0057599997,15:14:8,21/9/2017,17,44.10,389
51.4991455078,0.0057700004,15:14:10,21/9/2017,20,60.95,439
51.4991378784,0.0057816004,15:14:11,21/9/2017,30,64.64,457
51.4991378784,0.0057966003,15:14:12,21/9/2017,68,54.46,444
51.4991302490,0.0058150000,15:14:12,21/9/2017,36,60.06,405
51.4991226196,0.0058366003,15:14:14,21/9/2017,32,36.33,437
51.4991226196,0.0058550000,15:14:15,21/9/2017,28,33.26,335
51.4991226196,0.0058732995,15:14:16,21/9/2017,26,30.75,389
51.4991226196,0.0058916001,15:14:16,21/9/2017,37,29.37,442
51.4991226196,0.0059116001,15:14:18,21/9/2017,32,36.18,392
51.4991226196,0.0059299998,15:14:19,21/9/2017,32,34.47,329
51.4991226196,0.0059482998,15:14:20,21/9/2017,29,45.04,357
51.4991302490,0.0059666004,15:14:20,21/9/2017,32,47.11,452
51.4991302490,0.0059833002,15:14:22,21/9/2017,40,45.42,446
51.4991378784,0.0060000000,15:14:23,21/9/2017,20,45.25,357
51.4991455078,0.0060215997,15:14:24,21/9/2017,22,36.49,361
51.4991531372,0.0060366001,15:14:24,21/9/2017,23,33.20,424
51.4991607666,0.0060532999,15:14:26,21/9/2017,25,32.54,438
51.4991683959,0.0060750002,15:14:27,21/9/2017,24,32.40,448
51.4991798400,0.0060933008,15:14:28,21/9/2017,12,32.13,390
51.4991874694,0.0061115999,15:14:28,21/9/2017,16,25.91,408
51.4991874694,0.0061316003,15:14:30,21/9/2017,15,28.48,438
51.4991950988,0.0061515998,15:14:31,21/9/2017,14,26.01,409
51.4992027282,0.0061733002,15:14:32,21/9/2017,16,27.33,359
51.4992103576,0.0061883001,15:14:32,21/9/2017,26,24.71,428
51.4992179870,0.0062033004,15:14:34,21/9/2017,17,26.35,376
51.4992179870,0.0062165999,15:14:35,21/9/2017,15,24.97,360
51.4992256164,0.0062333002,15:14:36,21/9/2017,0,25.81,372
51.4992332458,0.0062483005,15:14:36,21/9/2017,13,27.05,408
51.4992446899,0.0062632999,15:14:38,21/9/2017,14,27.81,435
51.4992523193,0.0062783002,15:14:39,21/9/2017,25,29.11,369
51.4992523193,0.0062932996,15:14:40,21/9/2017,11,24.99,410
51.4992599487,0.0063100004,15:14:40,21/9/2017,14,25.50,392
51.4992675781,0.0063266000,15:14:42,21/9/2017,18,24.01,383
51.4992752075,0.0063416004,15:14:43,21/9/2017,12,25.44,362
51.4992828369,0.0063600006,15:14:44,21/9/2017,29,30.16,425
51.4992904663,0.0063733005,15:14:44,21/9/2017,30,30.09,422
51.4993019104,0.0063899998,15:14:46,21/9/2017,21,33.11,384
51.4993019104,0.0064050006,15:14:47,21/9/2017,28,33.43,367
51.4993095397,0.0064233007,15:14:48,21/9/2017,27,37.15,362
51.4993171691,0.0064433002,15:14:48,21/9/2017,31,30.30,427
51.4993171691,0.0064600000,15:14:50,21/9/2017,22,29.10,410
51.4993247985,0.0064783005,15:14:51,21/9/2017,50,37.95,396
51.4993247985,0.0065066003,15:14:52,21/9/2017,101,44.34,359
51.4993324279,0.0065316009,15:14:52,21/9/2017,46,65.09,372
51.4993400573,0.0065499997,15:14:54,21/9/2017,52,56.76,396
51.4993476867,0.0065665998,15:14:55,21/9/2017,85,73.85,397
51.4993553161,0.0065815997,15:14:56,21/9/2017,68,86.92,459
51.4993667602,0.0066000008,15:14:56,21/9/2017,42,47.71,398
51.4993743896,0.0066166009,15:14:58,21/9/2017,46,42.40,348
51.4993820190,0.0066332998,15:14:59,21/9/2017,17,42.16,480
51.4993972778,0.0066516008,15:15:0,21/9/2017,18,53.10,393
51.4994049072,0.0066666002,15:15:0,21/9/2017,10,30.90,443
51.4994125366,0.0066816000,15:15:2,21/9/2017,34,28.25,427
51.4994239807,0.0066983008,15:15:3,21/9/2017,19,27.34,431
51.4994316101,0.0067165999,15:15:4,21/9/2017,27,25.95,397
51.4994392395,0.0067350001,15:15:4,21/9/2017,9,26.52,403
51.4994468688,0.0067515997,15:15:6,21/9/2017,19,25.92,433
51.4994544982,0.0067666006,15:15:7,21/9/2017,15,26.62,368
51.4994621276,0.0067816009,15:15:8,21/9/2017,17,26.01,405
51.4994697570,0.0067950000,15:15:8,21/9/2017,16,24.71,391
51.4994773864,0.0068133001,15:15:10,21/9/2017,28,26.61,381
51.4994888305,0.0068266005,15:15:11,21/9/2017,12,24.97,372
51.4994964599,0.0068399996,15:15:12,21/9/2017,10,26.21,418
51.4995040893,0.0068550004,15:15:12,21/9/2017,22,25.06,411
51.4995117187,0.0068700003,15:15:14,21/9/2017,20,25.55,409
51.4995269775,0.0068816003,15:15:15,21/9/2017,9,27.13,435
51.4995346069,0.0068933005,15:15:16,21/9/2017,14,24.76,415
51.4995460510,0.0069032998,15:15:16,21/9/2017,16,25.63,362
51.4995613098,0.0069166002,15:15:18,21/9/2017,17,25.11,428
51.4995689392,0.0069300003,15:15:19,21/9/2017,15,25.80,417
51.4995765686,0.0069415998,15:15:20,21/9/2017,25,26.25,427
51.4995841979,0.0069499998,15:15:20,21/9/2017,15,25.23,384
51.4995994567,0.0069532995,15:15:22,21/9/2017,25,24.00,377
51.4996109008,0.0069516000,15:15:23,21/9/2017,25,26.58,406
51.4996261596,0.0069449996,15:15:24,21/9/2017,31,39.46,438
51.4996337890,0.0069366006,15:15:24,21/9/2017,29,35.09,385
51.4996414184,0.0069250001,15:15:26,21/9/2017,15,29.91,392
51.4996566772,0.0069132995,15:15:27,21/9/2017,40,45.16,424
51.4996681213,0.0069032998,15:15:28,21/9/2017,13,25.20,354
51.4996757507,0.0068915996,15:15:28,21/9/2017,18,23.90,420
51.4996757507,0.0068800001,15:15:30,21/9/2017,16,22.54,354
51.4996833801,0.0068683004,15:15:31,21/9/2017,16,23.89,411
51.4996910095,0.0068550004,15:15:32,21/9/2017,23,23.43,419
51.4996986389,0.0068432998,15:15:32,21/9/2017,29,22.36,416
51.4997062683,0.0068300004,15:15:34,21/9/2017,31,23.42,425
51.4997138977,0.0068133001,15:15:35,21/9/2017,24,24.97,437
51.4997138977,0.0068015999,15:15:36,21/9/2017,22,22.72,432
51.4997215270,0.0067849998,15:15:36,21/9/2017,21,22.40,410
51.4997215270,0.0067683005,15:15:38,21/9/2017,20,23.40,429
51.4997329711,0.0067533006,15:15:39,21/9/2017,15,25.35,305
51.4997482299,0.0067382998,15:15:40,21/9/2017,22,28.76,400
51.4997558593,0.0067265996,15:15:40,21/9/2017,25,29.79,431
51.4997634887,0.0067165999,15:15:42,21/9/2017,13,30.31,442
51.4997711181,0.0067116012,15:15:43,21/9/2017,14,28.88,373
51.4997901916,0.0067050004,15:15:44,21/9/2017,16,26.46,441
51.4998054504,0.0066965999,15:15:44,21/9/2017,27,24.88,419
51.4998130798,0.0066882996,15:15:46,21/9/2017,20,24.08,399
51.4998283386,0.0066782999,15:15:47,21/9/2017,22,24.62,351
51.4998435974,0.0066699991,15:15:48,21/9/2017,32,24.25,392
51.4998626708,0.0066583003,15:15:48,21/9/2017,23,24.35,383
51.4998703002,0.0066433005,15:15:50,21/9/2017,16,23.82,425
51.4998855590,0.0066316003,15:15:51,21/9/2017,23,23.95,408
51.4998931884,0.0066166009,15:15:52,21/9/2017,13,25.95,421
51.4999122619,0.0066033000,15:15:52,21/9/2017,18,26.62,422
51.4999198913,0.0065900001,15:15:54,21/9/2017,14,25.94,404
51.4999275207,0.0065783014,15:15:55,21/9/2017,18,26.39,401
51.4999427795,0.0065649995,15:15:56,21/9/2017,36,30.96,418
51.4999580383,0.0065515999,15:15:56,21/9/2017,49,30.58,349
51.4999771118,0.0065366001,15:15:58,21/9/2017,30,34.71,427
51.4999923706,0.0065215997,15:15:59,21/9/2017,25,28.22,410
51.5000000000,0.0065082998,15:16:0,21/9/2017,29,28.58,405
51.5000152587,0.0064916009,15:16:0,21/9/2017,28,27.34,430
51.5000343322,0.0064766001,15:16:2,21/9/2017,23,41.39,420
51.5000419616,0.0064632997,15:16:3,21/9/2017,22,33.11,450
51.5000495910,0.0064516000,15:16:4,21/9/2017,29,42.18,438
51.5000648498,0.0064400005,15:16:4,21/9/2017,28,34.90,343
51.5000724792,0.0064283008,15:16:6,21/9/2017,14,24.89,446
51.5000801086,0.0064166011,15:16:7,21/9/2017,14,25.63,398
51.5000877380,0.0064050006,15:16:8,21/9/2017,22,26.41,405
51.5000991821,0.0063916006,15:16:8,21/9/2017,14,27.82,385
51.5001068115,0.0063816003,15:16:10,21/9/2017,32,28.61,429
51.5001220703,0.0063666000,15:16:11,21/9/2017,24,26.67,415
51.5001296997,0.0063515996,15:16:12,21/9/2017,33,40.91,407
51.5001449584,0.0063382997,15:16:12,21/9/2017,17,30.16,445
51.5001564025,0.0063249998,15:16:14,21/9/2017,29,35.67,411
51.5001716613,0.0063116006,15:16:15,21/9/2017,29,49.65,410
51.5001869201,0.0062983007,15:16:16,21/9/2017,31,23.39,447
51.5001945495,0.0062900009,15:16:16,21/9/2017,21,24.99,409
51.5002098083,0.0062783002,15:16:18,21/9/2017,35,24.27,345
51.5002288818,0.0062666006,15:16:19,21/9/2017,16,22.89,361
51.5002365112,0.0062550001,15:16:20,21/9/2017,17,22.63,365
51.5002517700,0.0062433004,15:16:20,21/9/2017,19,24.55,346
51.5002593994,0.0062315998,15:16:22,21/9/2017,7,24.90,365
51.5002670288,0.0062182998,15:16:23,21/9/2017,20,26.23,428
51.5002861022,0.0062083001,15:16:24,21/9/2017,14,24.84,388
51.5002937316,0.0062016005,15:16:24,21/9/2017,5,24.91,419
51.5003089904,0.0061916007,15:16:26,21/9/2017,14,23.62,376
51.5003166198,0.0061833004,15:16:27,21/9/2017,21,23.21,394
51.5003318786,0.0061750001,15:16:28,21/9/2017,16,23.09,378
51.5003509521,0.0061683006,15:16:28,21/9/2017,11,22.25,390
51.5003585815,0.0061600008,15:16:30,21/9/2017,19,23.96,397
51.5003738403,0.0061515998,15:16:31,21/9/2017,20,24.19,446
51.5003814697,0.0061416001,15:16:32,21/9/2017,21,22.66,332
51.5003890991,0.0061350002,15:16:32,21/9/2017,12,23.23,446
51.5004081726,0.0061316003,15:16:34,21/9/2017,15,24.03,438
51.5004158020,0.0061200003,15:16:35,21/9/2017,28,23.39,419
51.5004234313,0.0061066002,15:16:36,21/9/2017,15,23.34,421
51.5004310607,0.0060966005,15:16:36,21/9/2017,13,23.81,434
51.5004310607,0.0060882997,15:16:38,21/9/2017,24,23.83,443
51.5004310607,0.0060800004,15:16:39,21/9/2017,18,22.95,353
51.5004386901,0.0060733003,15:16:40,21/9/2017,16,22.12,412
51.5004386901,0.0060599999,15:16:40,21/9/2017,25,22.42,399
51.5004386901,0.0060483002,15:16:42,21/9/2017,13,23.61,360
51.5004463195,0.0060349998,15:16:43,21/9/2017,20,25.68,404
51.5004463195,0.0060166001,15:16:44,21/9/2017,11,24.55,425
51.5004539489,0.0059983005,15:16:44,21/9/2017,25,24.00,438
51.5004730224,0.0059816002,15:16:46,21/9/2017,17,23.38,399
51.5004730224,0.0059715995,15:16:47,21/9/2017,16,25.01,386
51.5004806518,0.0059666004,15:16:48,21/9/2017,36,29.91,437
51.5004806518,0.0059633007,15:16:48,21/9/2017,25,27.90,431
51.5004882812,0.0059650001,15:16:50,21/9/2017,37,26.04,413
51.5004882812,0.0059715995,15:16:51,21/9/2017,32,32.72,366
51.5004959106,0.0059750003,15:16:52,21/9/2017,55,31.20,438
51.5005111694,0.0059850001,15:16:52,21/9/2017,11,30.07,404
51.5005226135,0.0059916009,15:16:54,21/9/2017,10,24.62,425
51.5005302429,0.0059932999,15:16:55,21/9/2017,17,24.62,405
51.5005378723,0.0059932999,15:16:56,21/9/2017,28,26.67,371
51.5005531311,0.0060050001,15:16:56,21/9/2017,14,26.05,416
51.5005683898,0.0060166001,15:16:58,21/9/2017,17,26.40,405
51.5005874633,0.0060266008,15:16:59,21/9/2017,16,24.58,448
51.5005950927,0.0060349998,15:17:0,21/9/2017,34,33.87,401
51.5006103515,0.0060500001,15:17:0,21/9/2017,25,24.22,396
51.5006179809,0.0060616006,15:17:2,21/9/2017,14,23.15,371
51.5006332397,0.0060665998,15:17:3,21/9/2017,19,28.57,477
51.5006523132,0.0060733003,15:17:4,21/9/2017,32,27.89,403
51.5006675720,0.0060766000,15:17:4,21/9/2017,22,26.80,438
51.5006828308,0.0060949997,15:17:6,21/9/2017,11,30.19,373
51.5006980895,0.0060982999,15:17:7,21/9/2017,21,35.01,429
51.5007095336,0.0061182999,15:17:8,21/9/2017,37,38.34,419
51.5007247924,0.0061316003,15:17:8,21/9/2017,28,35.09,317
51.5007400512,0.0061500000,15:17:10,21/9/2017,17,32.61,396
51.5007553100,0.0061733002,15:17:11,21/9/2017,23,29.76,421
51.5007667541,0.0061916007,15:17:12,21/9/2017,27,31.09,420
51.5007743835,0.0062232999,15:17:12,21/9/2017,31,30.72,402
51.5007896423,0.0062500000,15:17:14,21/9/2017,31,26.13,390
51.5007972717,0.0062915992,15:17:15,21/9/2017,30,31.84,333
51.5008125305,0.0063066005,15:17:16,21/9/2017,33,32.99,437
51.5008201599,0.0063215999,15:17:16,21/9/2017,25,24.90,353
51.5008316040,0.0063400001,15:17:18,21/9/2017,21,24.92,376
51.5008468627,0.0063650007,15:17:19,21/9/2017,28,24.81,370
51.5008544921,0.0063916006,15:17:20,21/9/2017,7,25.73,374
51.5008621215,0.0064300003,15:17:20,21/9/2017,38,34.83,408
51.5008697509,0.0064549994,15:17:22,21/9/2017,68,76.20,424
51.5008888244,0.0064800000,15:17:23,21/9/2017,33,65.94,417
51.5008964538,0.0065033006,15:17:24,21/9/2017,64,88.72,461
51.5009193420,0.0065265998,15:17:24,21/9/2017,46,50.40,419
51.5009269714,0.0065416007,15:17:26,21/9/2017,61,37.76,423
51.5009536743,0.0065633001,15:17:27,21/9/2017,31,45.89,382
51.5009613037,0.0065833001,15:17:28,21/9/2017,42,31.86,426
51.5009689331,0.0066132998,15:17:28,21/9/2017,30,42.77,458
51.5009841918,0.0066316003,15:17:30,21/9/2017,43,47.38,368
51.5009918212,0.0066500000,15:17:31,21/9/2017,15,44.42,420
51.5009994506,0.0066749997,15:17:32,21/9/2017,15,42.03,421
51.5010185241,0.0066983008,15:17:32,21/9/2017,22,28.79,400
51.5010337829,0.0067216005,15:17:34,21/9/2017,68,36.38,385
51.5010490417,0.0067432999,15:17:35,21/9/2017,35,36.24,287
51.5010566711,0.0067700004,15:17:36,21/9/2017,31,25.73,377
51.5010566711,0.0067950000,15:17:36,21/9/2017,37,40.84,401
51.5010566711,0.0068083000,15:17:38,21/9/2017,38,31.53,360
51.5010490417,0.0068266005,15:17:39,21/9/2017,32,30.74,351
51.5010414123,0.0068450002,15:17:40,21/9/2017,44,24.83,398
51.5010566711,0.0068716001,15:17:40,21/9/2017,82,33.16,420
51.5010643005,0.0068882999,15:17:42,21/9/2017,51,42.40,409
51.5010643005,0.0069082999,15:17:43,21/9/2017,30,39.65,382
51.5010643005,0.0069383001,15:17:44,21/9/2017,32,32.50,412
51.5010757446,0.0069566006,15:17:44,21/9/2017,62,49.63,370
51.5010910034,0.0069750003,15:17:46,21/9/2017,31,38.45,413
51.5010910034,0.0069950008,15:17:47,21/9/2017,24,28.14,364
51.5011062622,0.0070116004,15:17:48,21/9/2017,20,32.72,419
51.5011138916,0.0070165996,15:17:48,21/9/2017,32,28.64,412
51.5011062622,0.0070333003,15:17:50,21/9/2017,10,30.50,378
51.5011215209,0.0070500001,15:17:51,21/9/2017,44,29.11,351
51.5011329650,0.0070649995,15:17:52,21/9/2017,18,32.52,382
51.5011329650,0.0070749998,15:17:52,21/9/2017,11,31.67,430
51.5011405944,0.0070915994,15:17:54,21/9/2017,21,34.17,398
51.5011634826,0.0070966005,15:17:55,21/9/2017,27,34.43,439
51.5011787414,0.0071016006,15:17:56,21/9/2017,21,36.40,437
51.5011978149,0.0071000003,15:17:56,21/9/2017,27,35.83,428
51.5012054443,0.0071033000,15:17:58,21/9/2017,35,33.03,425
51.5012130737,0.0071150007,15:17:59,21/9/2017,38,31.49,363
51.5012207031,0.0071233005,15:18:0,21/9/2017,39,40.49,420
51.5012359619,0.0071382999,15:18:0,21/9/2017,19,34.30,413
51.5012550354,0.0071533012,15:18:2,21/9/2017,28,27.67,436
51.5012702941,0.0071700000,15:18:3,21/9/2017,27,25.72,371
51.5012779235,0.0071816005,15:18:4,21/9/2017,25,29.28,425
51.5012855529,0.0071833000,15:18:4,21/9/2017,28,34.25,435
51.5012931823,0.0071915998,15:18:6,21/9/2017,35,37.22,433
51.5013008117,0.0071933002,15:18:7,21/9/2017,22,31.02,326
51.5013084411,0.0071965999,15:18:8,21/9/2017,33,31.29,378
51.5013198852,0.0072000002,15:18:8,21/9/2017,23,32.00,431
51.5013198852,0.0072016000,15:18:10,21/9/2017,15,27.69,457
51.5013198852,0.0072083001,15:18:11,21/9/2017,27,26.88,454
51.5013275146,0.0072116003,15:18:12,21/9/2017,22,27.68,438
51.5013275146,0.0072116003,15:18:12,21/9/2017,37,28.22,343
51.5013351440,0.0072133007,15:18:14,21/9/2017,59,35.81,412
51.5013351440,0.0072149996,15:18:15,21/9/2017,20,30.57,432
51.5013275146,0.0072133007,15:18:16,21/9/2017,13,38.40,422
51.5013275146,0.0072116003,15:18:16,21/9/2017,17,39.43,362
51.5013275146,0.0072100009,15:18:18,21/9/2017,50,29.41,427
51.5013351440,0.0072066011,15:18:19,21/9/2017,91,53.14,405
51.5013351440,0.0072149996,15:18:20,21/9/2017,75,88.86,425
51.5013427734,0.0072349996,15:18:20,21/9/2017,59,56.88,368
51.5013427734,0.0072416000,15:18:22,21/9/2017,32,68.75,408
51.5013427734,0.0072483005,15:18:23,21/9/2017,25,71.58,443
51.5013504028,0.0072516002,15:18:24,21/9/2017,38,58.18,452
51.5013580322,0.0072483005,15:18:24,21/9/2017,97,71.65,412
51.5013847351,0.0072500000,15:18:26,21/9/2017,204,104.18,494
51.5013923645,0.0072516002,15:18:27,21/9/2017,90,92.00,480
51.5014076232,0.0072400002,15:18:28,21/9/2017,19,67.45,431
51.5014305114,0.0072149996,15:18:28,21/9/2017,64,34.72,392
51.5014724731,0.0071865997,15:18:30,21/9/2017,142,63.44,481
51.5014877319,0.0071782999,15:18:31,21/9/2017,42,49.19,318
51.5014991760,0.0071633005,15:18:32,21/9/2017,40,50.63,393
51.5015068054,0.0071433010,15:18:32,21/9/2017,73,43.69,321
51.5015296936,0.0071050000,15:18:34,21/9/2017,18,45.26,460
51.5015296936,0.0070800008,15:18:35,21/9/2017,33,40.81,417
51.5015525817,0.0070550003,15:18:36,21/9/2017,31,43.64,420
51.5015792846,0.0070333003,15:18:36,21/9/2017,40,44.07,377
51.5015945434,0.0070100002,15:18:38,21/9/2017,10,40.33,454
51.5016212463,0.0069850006,15:18:39,21/9/2017,14,29.88,439
51.5016288757,0.0069616007,15:18:40,21/9/2017,11,22.59,405
51.5016441345,0.0069415998,15:18:40,21/9/2017,20,22.63,414
51.5016593933,0.0069166002,15:18:42,21/9/2017,20,22.89,383
51.5016670227,0.0068933005,15:18:43,21/9/2017,11,26.02,420
51.5016860961,0.0068683004,15:18:44,21/9/2017,27,24.37,405
51.5016937255,0.0068482995,15:18:44,21/9/2017,17,21.58,421
51.5017089843,0.0068282995,15:18:46,21/9/2017,11,21.47,359
51.5017166137,0.0068116006,15:18:47,21/9/2017,10,22.53,451
51.5017166137,0.0067899999,15:18:48,21/9/2017,19,21.25,385
51.5017166137,0.0067666006,15:18:48,21/9/2017,12,22.05,445
51.5017166137,0.0067416000,15:18:50,21/9/2017,16,22.18,389
51.5017242431,0.0067165999,15:18:51,21/9/2017,5,22.15,366
51.5017242431,0.0066983008,15:18:52,21/9/2017,26,22.09,426
51.5017318725,0.0066816000,15:18:52,21/9/2017,18,21.96,365
51.5017433166,0.0066565999,15:18:54,21/9/2017,13,23.22,398
51.5017433166,0.0066266002,15:18:55,21/9/2017,11,24.63,410
51.5017509460,0.0066016006,15:18:56,21/9/2017,20,27.39,441
51.5017509460,0.0065815997,15:18:56,21/9/2017,19,22.19,366
51.5017585754,0.0065549998,15:18:58,21/9/2017,22,22.65,344
51.5017662048,0.0065082998,15:18:59,21/9/2017,13,23.30,338
51.5017814636,0.0064466004,15:19:0,21/9/2017,13,22.00,395
51.5017890930,0.0064133000,15:19:0,21/9/2017,8,21.57,458
51.5018157958,0.0063782997,15:19:2,21/9/2017,14,22.10,420
51.5018310546,0.0063450007,15:19:3,21/9/2017,15,23.23,442
51.5018463134,0.0063233003,15:19:4,21/9/2017,19,21.80,381
51.5018730163,0.0062915992,15:19:4,21/9/2017,28,23.99,351
51.5018806457,0.0062766003,15:19:6,21/9/2017,25,22.23,375
51.5018882751,0.0062716002,15:19:7,21/9/2017,41,24.70,446
51.5018882751,0.0062749996,15:19:8,21/9/2017,17,27.95,429
51.5018882751,0.0062815999,15:19:8,21/9/2017,27,22.57,445
51.5018959045,0.0062866001,15:19:10,21/9/2017,11,24.20,381
51.5018959045,0.0063033008,15:19:11,21/9/2017,29,26.08,394
51.5019035339,0.0063083004,15:19:12,21/9/2017,9,25.15,425
51.5018959045,0.0063333005,15:19:12,21/9/2017,35,26.25,438
51.5018959045,0.0063400001,15:19:14,21/9/2017,19,24.11,377
51.5019035339,0.0063482999,15:19:15,21/9/2017,47,35.86,407
51.5019035339,0.0063565998,15:19:16,21/9/2017,19,29.83,329
51.5019187927,0.0063515996,15:19:16,21/9/2017,21,31.46,361
51.5019302368,0.0063499999,15:19:18,21/9/2017,26,32.01,392
51.5019454956,0.0063366003,15:19:19,21/9/2017,24,28.39,365
51.5019454956,0.0063233003,15:19:20,21/9/2017,33,44.92,332
51.5019531250,0.0063116006,15:19:20,21/9/2017,54,41.42,473
51.5019683837,0.0062849998,15:19:22,21/9/2017,42,63.75,468
51.5019683837,0.0062733001,15:19:23,21/9/2017,45,58.07,395
51.5019760131,0.0062632999,15:19:24,21/9/2017,208,61.52,381
51.5019874572,0.0062500000,15:19:24,21/9/2017,230,87.82,373
51.5019950866,0.0062566003,15:19:26,21/9/2017,60,76.47,431
51.5020027160,0.0062500000,15:19:27,21/9/2017,36,48.57,439
51.5020179748,0.0062433004,15:19:28,21/9/2017,23,42.03,341
51.5020332336,0.0062283000,15:19:28,21/9/2017,34,39.86,452
51.5020599365,0.0062182998,15:19:30,21/9/2017,33,38.60,427
51.5020751953,0.0062049999,15:19:31,21/9/2017,32,40.14,369
51.5020980834,0.0061916007,15:19:32,21/9/2017,64,55.57,385
51.5021247863,0.0061816000,15:19:32,21/9/2017,21,56.72,426
51.5021476745,0.0061750001,15:19:34,21/9/2017,18,24.80,409
51.5021743774,0.0061666002,15:19:35,21/9/2017,10,24.69,428
51.5021896362,0.0061582999,15:19:36,21/9/2017,24,23.24,435
51.5022048950,0.0061515998,15:19:36,21/9/2017,35,28.52,413
51.5022201538,0.0061416001,15:19:38,21/9/2017,32,24.26,447
51.5022315979,0.0061332998,15:19:39,21/9/2017,46,31.54,379
51.5022315979,0.0061200003,15:19:40,21/9/2017,25,26.92,410
51.5022392272,0.0061050004,15:19:40,21/9/2017,25,32.84,434
51.5022392272,0.0060800004,15:19:42,21/9/2017,22,26.52,458
51.5022392272,0.0060566000,15:19:43,21/9/2017,13,24.49,452
51.5022392272,0.0060282998,15:19:44,21/9/2017,120,62.31,456
