latitude,longitude,time,date,light,sound value,sound average,sound peak,temperature, gas, gas average, gas peak, people, cumulative people
25.0518074035,121.5528488159,2:35:55,8/11/2016,16,6,13.09,217,35.45,146.00,145.18,146.00,0,2
25.0517902374,121.5527801513,2:35:57,8/11/2016,17,24,19.29,236,35.94,145.00,145.33,146.00,0,2
25.0517864227,121.5527801513,2:35:58,8/11/2016,17,28,29.00,217,34.96,145.00,145.15,146.00,0,2
25.0517787933,121.5527496337,2:35:59,8/11/2016,18,21,27.09,241,35.94,146.00,145.23,146.00,0,2
25.0517692565,121.5527343750,2:36:0,8/11/2016,18,33,24.56,226,35.94,146.00,145.30,146.00,0,2
25.0517654418,121.5527191162,2:36:1,8/11/2016,17,19,28.47,224,36.43,145.00,145.19,146.00,0,2
25.0517501831,121.5526657104,2:36:2,8/11/2016,18,24,30.27,219,34.96,146.00,145.17,146.00,0,2
25.0517501831,121.5526657104,2:36:3,8/11/2016,17,24,31.06,246,35.94,146.00,145.25,146.00,0,2
25.0517501831,121.5526657104,2:36:4,8/11/2016,17,31,25.15,220,34.96,145.00,144.85,146.00,0,2
25.0517501831,121.5526885986,2:36:5,8/11/2016,16,27,28.49,248,35.94,145.00,145.02,146.00,0,2
25.0517406463,121.5526885986,2:36:6,8/11/2016,17,36,29.05,284,36.91,145.00,145.66,147.00,0,2
25.0517406463,121.5527038574,2:36:7,8/11/2016,17,22,24.87,255,36.43,146.00,145.79,146.00,0,2
25.0517406463,121.5527038574,2:36:8,8/11/2016,17,35,30.40,211,36.43,146.00,145.92,147.00,0,2
25.0517368316,121.5527191162,2:36:9,8/11/2016,17,37,27.74,221,36.43,146.00,145.81,147.00,0,2
25.0517368316,121.5527343750,2:36:10,8/11/2016,17,21,27.66,278,36.91,147.00,146.03,147.00,0,2
25.0517330169,121.5527343750,2:36:11,8/11/2016,18,26,27.01,285,36.91,148.00,146.53,148.00,0,2
25.0517330169,121.5527496337,2:36:12,8/11/2016,17,32,28.49,226,35.94,148.00,147.55,149.00,0,2
25.0517330169,121.5527496337,2:36:13,8/11/2016,16,24,27.66,212,36.43,148.00,148.13,149.00,0,2
25.0517292022,121.5527648925,2:36:14,8/11/2016,16,36,32.38,257,36.43,148.00,148.62,150.00,0,2
25.0517253875,121.5527801513,2:36:15,8/11/2016,16,34,29.93,212,36.43,149.00,148.96,150.00,0,2
25.0517215728,121.5527801513,2:36:16,8/11/2016,17,23,27.47,239,36.43,150.00,149.21,150.00,0,2
25.0517215728,121.5528030395,2:36:17,8/11/2016,17,34,37.20,246,36.91,150.00,149.84,151.00,0,2
25.0517215728,121.5528182983,2:36:18,8/11/2016,17,28,25.56,226,36.43,151.00,149.84,151.00,0,2
25.0517253875,121.5528182983,2:36:19,8/11/2016,17,22,21.89,225,35.94,151.00,150.37,152.00,0,2
25.0517292022,121.5527648925,2:36:20,8/11/2016,17,18,22.52,223,36.43,151.00,151.05,152.00,0,2
25.0517292022,121.5527496337,2:36:21,8/11/2016,17,32,36.19,241,36.91,151.00,151.21,152.00,0,2
25.0517406463,121.5527038574,2:36:22,8/11/2016,17,28,38.33,315,36.43,152.00,151.07,152.00,0,2
25.0517368316,121.5527191162,2:36:23,8/11/2016,17,44,37.05,215,36.43,152.00,151.86,153.00,0,2
25.0517253875,121.5527343750,2:36:24,8/11/2016,18,32,31.97,250,36.43,153.00,151.98,153.00,0,2
25.0517215728,121.5527496337,2:36:25,8/11/2016,17,41,37.30,220,36.91,153.00,152.16,153.00,0,2
25.0517005920,121.5527648925,2:36:26,8/11/2016,16,35,36.63,262,36.43,153.00,152.42,153.00,0,2
25.0516853332,121.5527801513,2:36:27,8/11/2016,17,53,45.17,265,36.43,153.00,152.98,154.00,0,2
25.0516681671,121.5527801513,2:36:28,8/11/2016,16,54,50.00,272,36.91,153.00,152.97,154.00,0,2
25.0516605377,121.5528030395,2:36:29,8/11/2016,17,41,53.73,277,36.91,153.00,153.00,154.00,0,2
25.0516529083,121.5528182983,2:36:30,8/11/2016,17,70,55.87,238,37.40,153.00,153.47,155.00,0,2
25.0516471862,121.5528335571,2:36:31,8/11/2016,16,41,48.07,245,36.91,154.00,153.48,154.00,0,2
25.0516433715,121.5528488159,2:36:32,8/11/2016,16,52,32.70,287,36.43,154.00,153.90,154.00,0,2
25.0516433715,121.5528640747,2:36:33,8/11/2016,16,23,35.08,223,36.91,154.00,153.94,155.00,0,2
25.0516395568,121.5528793334,2:36:34,8/11/2016,16,39,30.42,254,36.43,154.00,153.83,154.00,0,2
25.0516357421,121.5528945922,2:36:35,8/11/2016,16,18,29.86,257,36.91,153.00,153.72,155.00,0,2
25.0516319274,121.5529098510,2:36:36,8/11/2016,16,26,37.00,447,36.91,154.00,153.08,154.00,0,2
25.0516242980,121.5529327392,2:36:37,8/11/2016,16,27,34.31,465,37.40,154.00,153.28,154.00,0,2
25.0516147613,121.5529327392,2:36:38,8/11/2016,16,27,34.96,438,36.91,155.00,153.92,155.00,0,2
25.0516071319,121.5529479980,2:36:39,8/11/2016,16,52,28.16,240,36.91,156.00,155.08,156.00,0,2
25.0515995025,121.5529632568,2:36:40,8/11/2016,16,26,29.67,275,36.91,158.00,156.70,158.00,0,2
25.0515956878,121.5529632568,2:36:41,8/11/2016,16,28,28.57,276,36.91,160.00,158.73,160.00,0,2
25.0515956878,121.5529785156,2:36:42,8/11/2016,15,33,31.05,233,36.91,160.00,159.92,160.00,0,2
25.0515956878,121.5529937744,2:36:43,8/11/2016,15,24,32.42,270,37.40,160.00,159.76,161.00,0,2
25.0515861511,121.5529937744,2:36:44,8/11/2016,15,41,34.72,274,37.40,162.00,160.97,162.00,0,2
25.0515861511,121.5530090332,2:36:45,8/11/2016,16,36,35.96,232,37.40,163.00,162.39,163.00,0,2
25.0515785217,121.5530242919,2:36:46,8/11/2016,15,44,38.05,265,36.91,163.00,162.99,164.00,0,2
25.0515785217,121.5530242919,2:36:47,8/11/2016,15,32,41.88,242,36.91,163.00,163.04,164.00,0,2
25.0515747070,121.5530471801,2:36:48,8/11/2016,16,51,40.76,278,36.91,164.00,163.74,165.00,0,2
25.0515708923,121.5530624389,2:36:49,8/11/2016,16,29,36.11,227,36.91,164.00,163.87,164.00,0,2
25.0515670776,121.5530776977,2:36:50,8/11/2016,16,27,32.77,243,37.40,164.00,163.47,164.00,0,2
25.0515632629,121.5530776977,2:36:51,8/11/2016,16,37,34.27,254,37.40,163.00,163.14,164.00,0,2
25.0515632629,121.5530929565,2:36:52,8/11/2016,16,38,36.22,239,37.40,163.00,163.04,164.00,0,2
25.0515632629,121.5531082153,2:36:53,8/11/2016,16,60,35.52,216,37.40,163.00,163.03,164.00,0,2
25.0515575408,121.5531234741,2:36:54,8/11/2016,16,32,23.95,260,36.43,163.00,162.98,164.00,0,2
25.0515575408,121.5531387329,2:36:55,8/11/2016,16,13,24.66,247,36.91,163.00,163.02,164.00,0,2
25.0515537261,121.5531539916,2:36:56,8/11/2016,15,17,19.65,227,36.91,163.00,162.98,164.00,0,2
25.0515499114,121.5531539916,2:36:57,8/11/2016,15,21,18.93,238,36.91,163.00,162.97,164.00,0,2
25.0515499114,121.5531768798,2:36:58,8/11/2016,16,13,15.02,225,36.91,163.00,163.00,164.00,0,2
25.0515499114,121.5531921386,2:36:59,8/11/2016,15,14,14.66,239,37.40,163.00,162.99,164.00,0,2
25.0515460968,121.5532073974,2:37:0,8/11/2016,16,9,14.16,215,36.91,162.00,162.70,163.00,0,2
25.0515460968,121.5532073974,2:37:1,8/11/2016,17,9,14.32,215,36.91,162.00,162.03,163.00,0,2
25.0515384674,121.5532226562,2:37:2,8/11/2016,16,8,13.02,242,36.43,162.00,162.04,163.00,0,2
25.0515384674,121.5532379150,2:37:3,8/11/2016,16,1,12.91,215,36.91,162.00,161.98,163.00,0,2
25.0515308380,121.5532379150,2:37:4,8/11/2016,16,9,13.02,235,36.91,162.00,161.89,162.00,0,2
25.0515308380,121.5532531738,2:37:5,8/11/2016,16,14,12.99,238,36.91,161.00,161.20,162.00,0,2
25.0515308380,121.5532684326,2:37:6,8/11/2016,16,8,13.33,232,36.43,161.00,160.96,162.00,0,2
25.0515346527,121.5532913208,2:37:7,8/11/2016,15,28,13.37,239,36.91,160.00,160.09,161.00,0,2
25.0515346527,121.5532913208,2:37:8,8/11/2016,16,12,15.55,221,36.91,160.00,160.01,161.00,0,2
25.0515346527,121.5533065795,2:37:9,8/11/2016,16,8,16.34,369,36.91,160.00,159.94,160.00,0,2
25.0515346527,121.5533065795,2:37:10,8/11/2016,16,9,15.13,244,36.91,160.00,159.95,160.00,0,2
25.0515384674,121.5532684326,2:37:11,8/11/2016,15,13,15.98,217,36.91,159.00,159.73,160.00,0,2
25.0515346527,121.5532684326,2:37:12,8/11/2016,17,8,13.77,243,37.89,159.00,158.98,160.00,0,2
25.0515346527,121.5532684326,2:37:13,8/11/2016,17,15,15.45,221,36.91,158.00,158.13,159.00,0,2
25.0515346527,121.5532531738,2:37:14,8/11/2016,18,17,14.76,211,36.91,159.00,158.62,159.00,0,2
25.0515346527,121.5532684326,2:37:15,8/11/2016,19,10,14.24,217,36.91,159.00,159.00,160.00,0,2
25.0515384674,121.5532913208,2:37:16,8/11/2016,18,27,13.96,248,36.91,159.00,159.14,160.00,0,2
25.0515499114,121.5532913208,2:37:17,8/11/2016,18,11,13.36,228,37.40,160.00,159.51,160.00,0,2
25.0515575408,121.5533065795,2:37:18,8/11/2016,18,6,15.66,233,37.89,159.00,159.44,160.00,0,2
25.0515632629,121.5533218383,2:37:19,8/11/2016,16,14,15.90,231,37.40,159.00,159.09,160.00,0,2
25.0515670776,121.5533370971,2:37:20,8/11/2016,16,10,18.31,200,37.40,159.00,159.03,160.00,0,2
25.0515632629,121.5533370971,2:37:21,8/11/2016,16,12,18.53,228,37.40,159.00,159.01,160.00,0,2
25.0515670776,121.5533370971,2:37:22,8/11/2016,17,7,16.53,237,37.40,159.00,158.99,160.00,0,2
25.0515747070,121.5533370971,2:37:23,8/11/2016,17,8,19.27,220,36.91,159.00,158.94,160.00,0,2
25.0515747070,121.5533370971,2:37:24,8/11/2016,17,8,17.52,242,36.91,159.00,159.00,160.00,0,2
25.0515918731,121.5533370971,2:37:25,8/11/2016,17,21,21.82,198,36.91,159.00,159.02,160.00,0,2
25.0516033172,121.5533370971,2:37:26,8/11/2016,18,18,27.37,229,36.91,159.00,159.23,160.00,0,2
25.0516109466,121.5533370971,2:37:27,8/11/2016,19,51,32.82,254,36.91,160.00,159.36,160.00,0,2
25.0516242980,121.5533523559,2:37:28,8/11/2016,20,20,27.30,243,37.89,159.00,159.79,160.00,0,2
25.0516357421,121.5533523559,2:37:29,8/11/2016,21,11,26.88,245,37.40,159.00,159.13,160.00,0,2
25.0516242980,121.5533523559,2:37:30,8/11/2016,21,20,34.37,215,37.40,159.00,159.01,160.00,0,2
25.0516357421,121.5533676147,2:37:31,8/11/2016,23,26,29.19,251,37.40,159.00,159.00,160.00,0,2
25.0516395568,121.5533676147,2:37:32,8/11/2016,24,38,22.96,233,36.91,159.00,159.01,160.00,0,2
25.0516433715,121.5533676147,2:37:33,8/11/2016,21,25,20.54,212,37.40,159.00,159.00,160.00,0,2
25.0516529083,121.5533828735,2:37:34,8/11/2016,20,48,21.57,237,37.89,159.00,158.95,160.00,0,2
25.0516567230,121.5533981323,2:37:35,8/11/2016,20,41,24.45,263,37.89,159.00,158.89,160.00,0,2
25.0516567230,121.5533981323,2:37:36,8/11/2016,20,42,24.94,220,37.89,159.00,158.96,160.00,0,2
25.0516605377,121.5534210205,2:37:37,8/11/2016,20,50,33.03,255,37.40,159.00,158.96,160.00,0,2
25.0516757965,121.5534210205,2:37:38,8/11/2016,19,38,30.15,228,37.89,159.00,158.97,160.00,0,2
25.0516891479,121.5534362792,2:37:39,8/11/2016,20,28,23.21,246,37.40,159.00,158.95,160.00,0,2
25.0516891479,121.5534515380,2:37:40,8/11/2016,22,8,22.10,231,37.40,159.00,158.97,160.00,0,2
25.0516757965,121.5534515380,2:37:41,8/11/2016,24,1,12.81,214,37.40,160.00,159.76,160.00,0,2
25.0516757965,121.5534515380,2:37:42,8/11/2016,27,8,22.19,243,37.40,161.00,160.16,161.00,0,2
25.0516719818,121.5534667968,2:37:43,8/11/2016,32,34,25.79,236,36.91,161.00,160.99,161.00,0,2
25.0516643524,121.5534820556,2:37:44,8/11/2016,34,3,24.42,261,36.91,161.00,161.01,162.00,0,2
25.0516529083,121.5534820556,2:37:45,8/11/2016,38,28,19.32,212,37.89,161.00,161.03,162.00,0,2
25.0516471862,121.5534820556,2:37:46,8/11/2016,42,10,35.68,239,37.40,161.00,161.12,162.00,0,2
25.0516529083,121.5534973144,2:37:47,8/11/2016,45,37,23.66,222,37.89,161.00,161.04,162.00,0,2
25.0516529083,121.5535125732,2:37:48,8/11/2016,40,15,17.38,258,37.89,162.00,161.74,163.00,0,2
25.0516567230,121.5535354614,2:37:49,8/11/2016,38,21,17.13,245,37.89,162.00,162.03,163.00,0,2
25.0516605377,121.5535507202,2:37:50,8/11/2016,38,11,41.54,238,38.38,162.00,162.09,163.00,0,2
25.0516643524,121.5535507202,2:37:51,8/11/2016,37,20,19.80,235,37.89,161.00,161.82,163.00,0,2
25.0516605377,121.5535659790,2:37:52,8/11/2016,34,40,21.86,215,37.89,160.00,160.31,162.00,0,2
25.0516853332,121.5535812377,2:37:53,8/11/2016,33,27,18.77,243,38.38,161.00,160.63,162.00,0,2
25.0516757965,121.5535964965,2:37:54,8/11/2016,32,16,24.92,252,37.89,162.00,161.90,163.00,1,3
25.0516757965,121.5536117553,2:37:55,8/11/2016,30,32,31.36,263,37.89,162.00,162.03,163.00,0,3
25.0516891479,121.5536270141,2:37:56,8/11/2016,28,21,23.54,244,37.89,161.00,161.63,163.00,0,3
25.0516796112,121.5536422729,2:37:57,8/11/2016,29,21,18.24,231,38.38,161.00,161.29,162.00,0,3
25.0516967773,121.5536651611,2:37:58,8/11/2016,28,12,22.56,248,37.89,162.00,161.81,163.00,2,5
25.0517044067,121.5536804199,2:37:59,8/11/2016,25,15,21.67,246,37.89,162.00,162.00,163.00,1,6
25.0517215728,121.5536956787,2:38:0,8/11/2016,20,18,19.50,239,37.89,162.00,162.23,163.00,0,6
25.0517082214,121.5537109375,2:38:1,8/11/2016,18,13,19.15,240,37.89,163.00,161.98,163.00,0,6
25.0517139434,121.5537261962,2:38:2,8/11/2016,19,17,19.38,246,37.89,163.00,162.75,164.00,0,6
25.0517082214,121.5537261962,2:38:3,8/11/2016,19,26,22.66,226,37.89,164.00,163.77,165.00,0,6
25.0517044067,121.5537414550,2:38:4,8/11/2016,19,24,19.22,252,37.40,164.00,164.01,165.00,0,6
25.0517044067,121.5537567138,2:38:5,8/11/2016,20,15,19.49,250,37.89,164.00,164.09,165.00,0,6
25.0516967773,121.5537796020,2:38:6,8/11/2016,25,28,21.68,261,37.89,165.00,165.01,166.00,0,6
25.0516929626,121.5537796020,2:38:7,8/11/2016,29,20,20.08,302,37.89,166.00,165.44,167.00,0,6
25.0516796112,121.5537948608,2:38:8,8/11/2016,32,22,19.07,252,37.89,166.00,166.01,167.00,0,6
25.0516681671,121.5538101196,2:38:9,8/11/2016,33,23,19.58,252,37.89,166.00,166.08,167.00,0,6
25.0516567230,121.5538101196,2:38:10,8/11/2016,42,9,18.23,242,37.89,167.00,166.65,167.00,0,6
25.0516471862,121.5538253784,2:38:11,8/11/2016,47,16,17.27,245,37.89,166.00,166.48,168.00,0,6
25.0516357421,121.5538406372,2:38:12,8/11/2016,43,18,19.94,261,37.89,166.00,165.99,167.00,0,6
25.0516357421,121.5538558959,2:38:13,8/11/2016,38,18,18.60,245,38.38,165.00,165.93,167.00,0,6
25.0516319274,121.5538711547,2:38:14,8/11/2016,37,8,21.86,220,37.89,165.00,165.63,166.00,0,6
25.0516357421,121.5538711547,2:38:15,8/11/2016,32,9,17.18,259,38.38,165.00,165.38,166.00,0,6
25.0516319274,121.5538864135,2:38:16,8/11/2016,29,14,19.07,249,37.40,166.00,165.93,167.00,0,6
25.0516242980,121.5539093017,2:38:17,8/11/2016,41,13,19.91,265,37.89,165.00,165.84,166.00,0,6
25.0516242980,121.5539245605,2:38:18,8/11/2016,60,18,19.87,247,38.38,166.00,165.96,167.00,0,6
25.0516242980,121.5539398193,2:38:19,8/11/2016,102,8,16.30,222,37.89,166.00,165.98,167.00,0,6
25.0516242980,121.5539398193,2:38:20,8/11/2016,110,11,15.75,251,38.38,166.00,166.03,167.00,0,6
25.0516185760,121.5539550781,2:38:21,8/11/2016,100,7,17.48,247,37.89,166.00,165.93,167.00,0,6
25.0516185760,121.5539550781,2:38:22,8/11/2016,96,52,14.41,237,38.38,166.00,165.72,167.00,0,6
25.0516242980,121.5539703369,2:38:23,8/11/2016,99,11,17.52,240,38.38,167.00,166.38,167.00,0,6
25.0516319274,121.5539703369,2:38:24,8/11/2016,124,14,16.36,232,38.38,168.00,167.18,168.00,0,6
25.0516395568,121.5539855957,2:38:25,8/11/2016,96,13,18.39,241,37.89,171.00,169.73,172.00,0,6
25.0516433715,121.5540008544,2:38:26,8/11/2016,91,10,17.34,229,38.38,175.00,173.67,175.00,0,6
25.0516529083,121.5540008544,2:38:27,8/11/2016,106,7,18.92,253,38.87,176.00,175.29,176.00,0,6
25.0516529083,121.5540237426,2:38:28,8/11/2016,128,11,18.82,232,38.38,177.00,176.58,178.00,0,6
25.0516529083,121.5540390014,2:38:29,8/11/2016,141,50,18.42,247,38.38,178.00,177.70,179.00,0,6
25.0516529083,121.5540542602,2:38:30,8/11/2016,84,7,24.60,232,38.87,179.00,178.85,180.00,0,6
25.0516529083,121.5540542602,2:38:31,8/11/2016,76,21,17.54,240,38.87,179.00,179.44,180.00,0,6
25.0516395568,121.5540695190,2:38:32,8/11/2016,81,13,22.65,245,38.38,179.00,179.49,180.00,0,6
25.0516242980,121.5540695190,2:38:33,8/11/2016,145,17,17.96,304,38.38,180.00,179.57,181.00,0,6
25.0516071319,121.5540847778,2:38:34,8/11/2016,88,21,17.87,248,38.38,179.00,179.32,181.00,0,6
25.0515861511,121.5540847778,2:38:35,8/11/2016,84,7,18.10,207,38.87,179.00,179.14,180.00,0,6
25.0515823364,121.5541000366,2:38:36,8/11/2016,88,17,18.22,256,38.38,179.00,179.11,180.00,0,6
25.0515670776,121.5541152954,2:38:37,8/11/2016,83,15,15.58,244,38.38,178.00,178.46,179.00,0,6
25.0515575408,121.5541305541,2:38:38,8/11/2016,175,11,17.64,242,38.38,177.00,177.94,179.00,0,6
25.0515499114,121.5541534423,2:38:39,8/11/2016,85,14,22.32,250,38.38,177.00,177.19,178.00,0,6
25.0515499114,121.5541534423,2:38:40,8/11/2016,83,10,25.69,238,38.38,177.00,176.96,178.00,0,6
25.0515422821,121.5541687011,2:38:41,8/11/2016,161,19,26.41,188,38.38,176.00,176.50,178.00,0,6
25.0515346527,121.5541839599,2:38:42,8/11/2016,86,22,21.62,242,38.38,176.00,176.02,177.00,0,6
25.0516357421,121.5542144775,2:38:43,8/11/2016,79,14,14.65,212,38.87,176.00,175.97,177.00,0,6
25.0516395568,121.5542297363,2:38:44,8/11/2016,76,4,15.47,250,38.87,175.00,175.32,176.00,0,6
25.0516357421,121.5542449951,2:38:45,8/11/2016,76,32,16.51,249,38.38,175.00,175.01,176.00,0,6
25.0516757965,121.5542678833,2:38:46,8/11/2016,81,13,18.16,202,38.38,175.00,174.98,176.00,0,6
25.0516719818,121.5542678833,2:38:47,8/11/2016,65,12,16.63,229,38.38,175.00,174.99,176.00,0,6
25.0516757965,121.5542678833,2:38:48,8/11/2016,126,12,14.43,244,38.87,175.00,174.78,176.00,0,6
25.0517463684,121.5542984008,2:38:49,8/11/2016,84,4,16.99,243,38.38,175.00,174.24,175.00,0,6
25.0518150329,121.5543136596,2:38:50,8/11/2016,96,6,16.86,329,38.87,174.00,174.67,175.00,0,6
25.0518436431,121.5543289184,2:38:51,8/11/2016,83,10,15.29,213,38.87,174.00,174.06,175.00,0,6
25.0518798828,121.5543594360,2:38:52,8/11/2016,89,11,15.22,242,38.87,174.00,174.01,175.00,0,6
25.0518913269,121.5543594360,2:38:53,8/11/2016,58,14,17.38,241,38.87,174.00,173.99,175.00,0,6
25.0519447326,121.5543975830,2:38:54,8/11/2016,62,8,16.91,232,38.87,174.00,173.49,174.00,0,6
25.0520019531,121.5544128417,2:38:55,8/11/2016,91,7,15.71,241,38.87,173.00,173.04,174.00,0,6
25.0520458221,121.5544433593,2:38:56,8/11/2016,144,5,15.03,238,38.38,173.00,173.01,174.00,0,6
25.0521125793,121.5544586181,2:38:57,8/11/2016,94,14,17.51,210,38.87,173.00,173.00,174.00,0,6
25.0521450042,121.5544738769,2:38:58,8/11/2016,65,4,14.26,232,38.87,173.00,173.06,174.00,0,6
25.0521678924,121.5545120239,2:38:59,8/11/2016,64,14,16.05,238,38.87,173.00,172.95,174.00,0,6
25.0521850585,121.5545272827,2:39:0,8/11/2016,67,7,15.70,229,38.87,172.00,172.85,173.00,0,6
25.0521965026,121.5545425415,2:39:1,8/11/2016,76,14,15.31,246,38.87,173.00,172.70,173.00,0,6
25.0521926879,121.5545578002,2:39:2,8/11/2016,76,7,16.85,218,38.87,172.00,172.13,173.00,0,6
25.0521888732,121.5545730590,2:39:3,8/11/2016,61,8,13.79,252,38.87,172.00,172.00,173.00,0,6
25.0521526336,121.5545730590,2:39:4,8/11/2016,64,7,13.24,246,38.87,172.00,171.90,173.00,0,6
25.0521278381,121.5545883178,2:39:5,8/11/2016,76,39,20.31,278,38.38,171.00,171.54,172.00,0,6
25.0521030426,121.5545883178,2:39:6,8/11/2016,92,14,18.35,296,38.87,172.00,171.92,173.00,0,6
25.0520877838,121.5546035766,2:39:7,8/11/2016,94,18,23.91,229,38.87,172.00,171.94,173.00,0,6
25.0520706176,121.5546188354,2:39:8,8/11/2016,354,10,17.38,207,38.87,172.00,171.98,173.00,0,6
25.0520553588,121.5546188354,2:39:9,8/11/2016,89,8,12.25,237,38.87,172.00,172.05,173.00,0,6
25.0520420074,121.5546417236,2:39:10,8/11/2016,66,11,16.01,243,38.87,172.00,172.01,173.00,0,6
25.0520267486,121.5546569824,2:39:11,8/11/2016,55,9,15.52,229,39.36,171.00,171.81,173.00,0,6
25.0520019531,121.5546569824,2:39:12,8/11/2016,75,9,15.75,226,38.87,171.00,170.92,172.00,0,6
25.0519905090,121.5546722412,2:39:13,8/11/2016,105,11,14.71,202,38.87,171.00,170.81,172.00,0,6
25.0519733428,121.5546875000,2:39:14,8/11/2016,60,5,14.55,233,38.87,171.00,170.96,172.00,0,6
25.0519580841,121.5547027587,2:39:15,8/11/2016,52,6,18.36,241,38.87,171.00,171.01,172.00,0,6
25.0519447326,121.5547180175,2:39:16,8/11/2016,53,10,13.61,242,38.87,172.00,171.13,172.00,0,6
25.0519084930,121.5547332763,2:39:17,8/11/2016,60,6,15.84,235,38.87,171.00,170.95,172.00,0,6
25.0518798828,121.5547332763,2:39:18,8/11/2016,97,11,13.32,232,39.36,170.00,170.64,172.00,0,6
25.0518722534,121.5547561645,2:39:19,8/11/2016,201,7,15.97,216,38.87,171.00,170.35,172.00,0,6
25.0518512725,121.5547714233,2:39:20,8/11/2016,72,10,17.86,238,38.87,170.00,170.97,172.00,0,6
25.0518302917,121.5547866821,2:39:21,8/11/2016,59,38,26.97,249,38.87,171.00,170.97,172.00,0,6
25.0518112182,121.5548019409,2:39:22,8/11/2016,47,21,26.58,233,38.87,171.00,170.96,171.00,0,6
25.0518074035,121.5548019409,2:39:23,8/11/2016,43,23,26.41,249,38.87,171.00,171.01,172.00,0,6
25.0517978668,121.5548171997,2:39:24,8/11/2016,44,16,22.87,219,39.36,171.00,170.98,172.00,0,6
25.0517940521,121.5548324584,2:39:25,8/11/2016,41,12,25.72,231,39.36,172.00,171.10,172.00,0,6
25.0517864227,121.5548324584,2:39:26,8/11/2016,47,15,22.94,202,38.87,172.00,171.83,173.00,0,6
25.0517902374,121.5548477172,2:39:27,8/11/2016,75,17,19.34,242,38.87,173.00,172.17,173.00,0,6
25.0517940521,121.5548629760,2:39:28,8/11/2016,71,31,20.86,236,38.87,173.00,173.01,174.00,0,6
25.0517864227,121.5548629760,2:39:29,8/11/2016,56,14,27.24,465,38.87,173.00,172.91,174.00,0,6
25.0517864227,121.5548858642,2:39:30,8/11/2016,87,34,29.61,468,38.87,173.00,173.11,174.00,0,6
25.0517826080,121.5549011230,2:39:31,8/11/2016,32,10,26.47,462,39.36,173.00,172.61,174.00,0,6
25.0517749786,121.5549163818,2:39:32,8/11/2016,22,8,18.30,250,38.87,173.00,172.66,174.00,0,6
25.0517654418,121.5549316406,2:39:33,8/11/2016,18,8,17.74,221,38.87,173.00,172.85,174.00,0,6
25.0516319274,121.5549163818,2:39:34,8/11/2016,17,22,20.09,255,38.87,172.00,172.72,174.00,0,6
25.0515785217,121.5549316406,2:39:35,8/11/2016,16,25,28.58,240,38.38,171.00,171.99,173.00,0,6
25.0515499114,121.5549316406,2:39:36,8/11/2016,16,18,17.22,243,38.38,170.00,171.26,172.00,0,6
25.0515384674,121.5549316406,2:39:37,8/11/2016,17,8,20.40,236,38.38,173.00,171.89,173.00,0,6
25.0515384674,121.5549468994,2:39:38,8/11/2016,17,27,14.83,239,38.38,176.00,174.23,176.00,0,6
25.0515251159,121.5549468994,2:39:39,8/11/2016,17,19,20.70,225,38.38,178.00,177.10,178.00,0,6
25.0515174865,121.5549316406,2:39:40,8/11/2016,17,7,16.53,219,38.38,181.00,179.43,181.00,0,6
25.0515098571,121.5549316406,2:39:41,8/11/2016,17,4,23.10,235,38.38,182.00,181.62,183.00,0,6
25.0514965057,121.5549468994,2:39:42,8/11/2016,17,18,16.80,239,38.38,184.00,183.14,184.00,0,6
25.0514888763,121.5549468994,2:39:43,8/11/2016,18,23,22.58,237,38.38,185.00,184.80,186.00,0,6
25.0514812469,121.5549621582,2:39:44,8/11/2016,17,8,14.63,229,38.38,185.00,185.00,186.00,0,6
25.0514736175,121.5549621582,2:39:45,8/11/2016,17,15,17.97,237,38.38,185.00,185.04,186.00,0,6
25.0514736175,121.5549774169,2:39:46,8/11/2016,17,10,12.64,204,38.38,185.00,185.00,185.00,0,6
25.0514698028,121.5549774169,2:39:47,8/11/2016,16,19,23.92,236,38.87,185.00,185.04,186.00,0,6
25.0514640808,121.5549774169,2:39:48,8/11/2016,16,20,18.09,233,38.38,185.00,185.00,186.00,0,6
25.0514640808,121.5549774169,2:39:49,8/11/2016,16,15,24.92,232,38.87,185.00,185.21,186.00,0,6
25.0514564514,121.5550003051,2:39:50,8/11/2016,16,15,19.87,232,38.38,185.00,185.27,186.00,0,6
25.0514564514,121.5550003051,2:39:51,8/11/2016,16,26,24.54,216,38.87,185.00,185.27,186.00,0,6
25.0514526367,121.5550003051,2:39:52,8/11/2016,17,32,57.07,271,38.38,185.00,185.01,186.00,0,6
25.0514488220,121.5550003051,2:39:53,8/11/2016,17,38,35.71,202,38.38,185.00,185.02,186.00,0,6
25.0514411926,121.5550003051,2:39:54,8/11/2016,17,19,18.94,248,38.38,185.00,184.86,185.00,0,6
25.0514354705,121.5550155639,2:39:55,8/11/2016,17,27,23.15,216,39.36,184.00,184.06,185.00,0,6
25.0514354705,121.5550155639,2:39:56,8/11/2016,16,14,21.51,248,38.87,184.00,184.00,184.00,0,6
25.0514316558,121.5550155639,2:39:57,8/11/2016,17,13,24.19,231,38.87,183.00,183.68,184.00,0,6
25.0514278411,121.5550155639,2:39:58,8/11/2016,16,7,21.59,216,38.87,184.00,183.28,184.00,0,6
25.0514278411,121.5550155639,2:39:59,8/11/2016,16,16,22.28,225,38.87,184.00,183.99,185.00,0,6
25.0514278411,121.5550308227,2:40:0,8/11/2016,16,7,20.53,225,38.87,184.00,183.99,185.00,0,6
25.0514240264,121.5550155639,2:40:1,8/11/2016,17,9,16.61,234,38.87,184.00,184.00,184.00,0,6
25.0514240264,121.5550308227,2:40:2,8/11/2016,16,5,20.05,241,38.87,184.00,183.97,184.00,0,6
25.0514240264,121.5550308227,2:40:3,8/11/2016,16,26,19.51,245,38.87,183.00,183.85,184.00,0,6
25.0514240264,121.5550308227,2:40:4,8/11/2016,16,11,20.58,348,38.87,182.00,182.96,184.00,0,6
25.0514240264,121.5550308227,2:40:5,8/11/2016,16,34,24.58,259,39.36,182.00,181.69,182.00,0,6
25.0514202117,121.5550460815,2:40:6,8/11/2016,16,27,25.80,261,38.87,182.00,181.62,182.00,0,6
25.0514202117,121.5550613403,2:40:7,8/11/2016,16,14,25.54,234,38.87,183.00,181.97,183.00,0,6
25.0514202117,121.5550613403,2:40:8,8/11/2016,16,13,25.50,230,38.87,186.00,184.85,187.00,0,6
25.0514202117,121.5550765991,2:40:9,8/11/2016,16,19,34.97,251,39.84,186.00,186.80,187.00,0,6
25.0514202117,121.5550918579,2:40:10,8/11/2016,16,29,29.24,235,38.87,186.00,185.98,187.00,0,6
25.0514202117,121.5550918579,2:40:11,8/11/2016,16,25,25.57,254,39.36,185.00,185.24,186.00,0,6
25.0514202117,121.5551071166,2:40:12,8/11/2016,17,19,24.33,244,38.87,184.00,184.12,185.00,0,6
25.0514163970,121.5551300048,2:40:13,8/11/2016,17,23,33.79,215,38.87,185.00,184.53,185.00,0,6
25.0514163970,121.5551300048,2:40:14,8/11/2016,17,29,23.27,251,38.87,185.00,185.00,186.00,0,6
25.0514125823,121.5551452636,2:40:15,8/11/2016,17,5,20.11,224,38.87,185.00,185.77,187.00,0,6
25.0514163970,121.5551605224,2:40:16,8/11/2016,19,21,13.70,236,38.87,185.00,185.57,186.00,0,6
25.0514202117,121.5551605224,2:40:17,8/11/2016,24,7,14.40,237,38.87,184.00,184.82,186.00,0,6
25.0514163970,121.5551757812,2:40:18,8/11/2016,29,10,14.32,219,39.36,184.00,183.98,185.00,0,6
25.0514163970,121.5551757812,2:40:19,8/11/2016,30,12,16.40,241,38.87,183.00,183.34,184.00,0,6
25.0514163970,121.5551910400,2:40:20,8/11/2016,31,42,16.49,234,38.87,183.00,183.00,183.00,0,6
25.0514202117,121.5552062988,2:40:21,8/11/2016,32,20,23.30,249,38.87,182.00,182.51,184.00,0,6
25.0514202117,121.5552062988,2:40:22,8/11/2016,32,9,13.59,240,38.87,182.00,182.03,183.00,0,6
25.0514240264,121.5552215576,2:40:23,8/11/2016,32,18,13.93,210,39.36,183.00,182.37,183.00,0,6
25.0514278411,121.5552444458,2:40:24,8/11/2016,35,7,14.04,247,38.87,182.00,182.70,183.00,0,6
25.0514354705,121.5552597045,2:40:25,8/11/2016,38,54,17.19,231,38.87,182.00,182.21,183.00,0,6
25.0514488220,121.5552749633,2:40:26,8/11/2016,39,16,17.23,242,38.87,182.00,182.03,183.00,0,6
25.0514602661,121.5552902221,2:40:27,8/11/2016,40,26,29.36,244,38.87,182.00,182.01,183.00,0,6
25.0514736175,121.5553054809,2:40:28,8/11/2016,43,5,18.09,211,38.87,182.00,182.04,183.00,0,6
25.0514774322,121.5553207397,2:40:29,8/11/2016,41,14,22.64,223,38.87,182.00,182.01,183.00,0,6
25.0514736175,121.5553207397,2:40:30,8/11/2016,41,23,20.23,232,38.87,182.00,182.01,183.00,0,6
25.0514736175,121.5553359985,2:40:31,8/11/2016,43,11,27.15,222,38.87,182.00,181.99,183.00,0,6
25.0514774322,121.5553359985,2:40:32,8/11/2016,42,11,19.90,233,38.87,183.00,182.04,183.00,0,6
25.0514774322,121.5553512573,2:40:33,8/11/2016,48,17,14.82,233,38.87,183.00,182.98,183.00,0,6
25.0514736175,121.5553741455,2:40:34,8/11/2016,42,7,17.85,228,38.87,184.00,183.04,184.00,0,6
25.0514640808,121.5553894042,2:40:35,8/11/2016,37,52,15.35,234,38.87,184.00,183.65,184.00,0,6
25.0514602661,121.5554046630,2:40:36,8/11/2016,40,9,15.42,234,38.87,184.00,183.98,185.00,0,6
25.0514564514,121.5554199218,2:40:37,8/11/2016,43,9,13.50,212,38.87,184.00,184.00,184.00,0,6
25.0514564514,121.5554351806,2:40:38,8/11/2016,44,8,22.38,243,38.87,183.00,183.52,184.00,0,6
25.0514564514,121.5554504394,2:40:39,8/11/2016,47,28,19.49,243,38.87,183.00,183.00,183.00,0,6
25.0514564514,121.5554656982,2:40:40,8/11/2016,47,22,27.60,207,38.87,182.00,182.27,183.00,0,6
25.0514602661,121.5554656982,2:40:41,8/11/2016,48,26,21.93,242,38.87,181.00,181.41,182.00,0,6
25.0514602661,121.5555038452,2:40:42,8/11/2016,48,14,20.84,233,39.36,181.00,181.00,182.00,0,6
25.0514564514,121.5555191040,2:40:43,8/11/2016,49,19,15.20,241,39.84,180.00,180.37,181.00,0,6
25.0514774322,121.5555343627,2:40:44,8/11/2016,52,24,14.37,246,39.36,179.00,179.97,181.00,0,6
25.0515174865,121.5555648803,2:40:45,8/11/2016,58,11,15.89,225,39.84,179.00,179.46,180.00,0,6
25.0515460968,121.5555801391,2:40:46,8/11/2016,53,20,17.37,257,39.36,179.00,179.05,180.00,0,6
25.0515918731,121.5555953979,2:40:47,8/11/2016,46,12,21.62,244,39.84,179.00,179.00,180.00,0,6
25.0516071319,121.5556182861,2:40:48,8/11/2016,66,7,18.71,248,39.84,179.00,178.97,180.00,0,6
25.0516357421,121.5556335449,2:40:49,8/11/2016,31,12,16.63,236,39.36,179.00,178.97,180.00,0,6
25.0516643524,121.5556488037,2:40:50,8/11/2016,27,21,15.12,215,39.36,178.00,178.87,180.00,0,6
25.0516853332,121.5556640625,2:40:51,8/11/2016,26,15,16.15,245,39.36,179.00,178.40,179.00,0,6
25.0517082214,121.5556793212,2:40:52,8/11/2016,25,6,15.78,232,39.36,179.00,178.98,180.00,0,6
25.0517292022,121.5557098388,2:40:53,8/11/2016,26,15,15.08,260,39.36,179.00,179.00,180.00,0,6
25.0517406463,121.5557327270,2:40:54,8/11/2016,32,11,14.14,234,38.87,180.00,179.48,180.00,0,6
25.0517463684,121.5557479858,2:40:55,8/11/2016,36,7,20.49,242,38.87,180.00,179.94,181.00,0,6
25.0517578125,121.5557632446,2:40:56,8/11/2016,26,21,15.71,216,38.87,180.00,180.00,180.00,0,6
25.0517692565,121.5557785034,2:40:57,8/11/2016,27,9,16.85,233,39.36,180.00,179.97,180.00,0,6
25.0517749786,121.5557937622,2:40:58,8/11/2016,26,27,18.52,248,39.36,179.00,179.04,180.00,0,6
25.0517864227,121.5558090209,2:40:59,8/11/2016,28,28,20.00,238,39.36,179.00,178.97,180.00,0,6
25.0517940521,121.5558242797,2:41:0,8/11/2016,31,13,22.39,252,38.87,179.00,178.97,180.00,0,6
25.0518016815,121.5558395385,2:41:1,8/11/2016,44,32,19.94,222,39.84,179.00,178.98,180.00,0,6
25.0518074035,121.5558624267,2:41:2,8/11/2016,35,23,24.75,333,38.87,179.00,179.00,180.00,0,6
25.0517978668,121.5558776855,2:41:3,8/11/2016,32,23,23.67,240,38.87,180.00,179.19,180.00,0,6
25.0517940521,121.5558929443,2:41:4,8/11/2016,35,23,23.48,256,39.84,179.00,179.75,180.00,0,6
25.0517902374,121.5559082031,2:41:5,8/11/2016,34,7,20.27,268,39.84,179.00,179.23,180.00,0,6
25.0517902374,121.5559234619,2:41:6,8/11/2016,34,17,22.15,238,39.36,179.00,178.99,180.00,0,6
25.0517978668,121.5559387207,2:41:7,8/11/2016,35,8,15.65,201,39.36,179.00,179.00,179.00,0,6
25.0517978668,121.5559387207,2:41:8,8/11/2016,38,26,19.65,253,39.84,179.00,179.00,180.00,0,6
25.0517978668,121.5559539794,2:41:9,8/11/2016,33,10,27.43,247,39.84,179.00,179.01,180.00,0,6
25.0517978668,121.5559921264,2:41:10,8/11/2016,27,23,22.01,243,39.84,179.00,178.98,180.00,0,6
25.0517978668,121.5560073852,2:41:11,8/11/2016,29,35,22.57,207,39.84,179.00,179.03,180.00,0,6
25.0517749786,121.5560073852,2:41:12,8/11/2016,35,22,19.65,207,39.84,179.00,179.00,179.00,0,6
25.0517692565,121.5560379028,2:41:13,8/11/2016,35,17,24.73,250,39.36,179.00,179.02,180.00,0,6
25.0517578125,121.5560531616,2:41:14,8/11/2016,31,15,23.90,229,39.36,180.00,179.67,180.00,0,6
25.0517368316,121.5560684204,2:41:15,8/11/2016,29,11,23.70,254,39.36,180.00,180.00,180.00,0,6
25.0517139434,121.5560684204,2:41:16,8/11/2016,29,24,26.68,259,39.84,184.00,180.91,184.00,0,6
25.0516891479,121.5560836791,2:41:17,8/11/2016,35,15,19.41,225,39.84,195.00,189.14,195.00,0,6
25.0516681671,121.5561065673,2:41:18,8/11/2016,49,20,16.10,213,39.84,203.00,200.57,203.00,0,6
25.0516567230,121.5561065673,2:41:19,8/11/2016,113,14,17.08,215,39.84,200.00,201.84,203.00,0,6
25.0516395568,121.5561218261,2:41:20,8/11/2016,81,25,15.63,234,39.84,198.00,198.50,201.00,0,6
25.0516242980,121.5561370849,2:41:21,8/11/2016,78,13,15.91,243,39.84,195.00,195.83,198.00,0,6
25.0516185760,121.5561370849,2:41:22,8/11/2016,102,7,22.05,247,39.84,193.00,193.93,195.00,0,6
25.0516147613,121.5561370849,2:41:23,8/11/2016,99,8,21.88,210,39.84,191.00,192.25,194.00,0,6
25.0516071319,121.5561523437,2:41:24,8/11/2016,80,16,20.26,260,39.84,190.00,190.89,192.00,0,6
25.0516033172,121.5561676025,2:41:25,8/11/2016,73,10,21.67,251,40.33,189.00,189.58,191.00,0,6
25.0515956878,121.5561676025,2:41:26,8/11/2016,76,14,22.03,219,39.36,188.00,188.30,190.00,0,6
25.0516147613,121.5561828613,2:41:27,8/11/2016,43,19,18.15,249,39.84,187.00,187.06,188.00,0,6
25.0516185760,121.5561981201,2:41:28,8/11/2016,37,14,25.07,226,39.84,186.00,186.00,187.00,0,6
25.0516109466,121.5561981201,2:41:29,8/11/2016,50,12,21.55,243,39.84,185.00,185.56,187.00,0,6
25.0515995025,121.5562210083,2:41:30,8/11/2016,50,22,17.79,244,39.84,185.00,185.02,186.00,0,6
25.0515956878,121.5562362670,2:41:31,8/11/2016,49,2,17.12,232,39.84,184.00,184.76,186.00,0,6
25.0516033172,121.5562515258,2:41:32,8/11/2016,60,17,15.36,265,40.33,184.00,184.00,185.00,0,6
25.0516033172,121.5562667846,2:41:33,8/11/2016,58,9,14.36,247,39.84,184.00,183.98,185.00,0,6
25.0515995025,121.5562820434,2:41:34,8/11/2016,54,10,18.46,196,39.84,183.00,183.36,184.00,0,6
25.0515956878,121.5562820434,2:41:35,8/11/2016,43,6,20.27,227,40.33,182.00,183.04,184.00,0,6
25.0515918731,121.5562973022,2:41:36,8/11/2016,40,20,17.74,235,40.33,182.00,182.20,183.00,0,6
25.0515861511,121.5563125610,2:41:37,8/11/2016,40,11,23.93,241,39.84,182.00,182.01,183.00,0,6
25.0515785217,121.5563278198,2:41:38,8/11/2016,26,14,17.69,227,40.33,182.00,182.03,183.00,0,6
25.0515537261,121.5563507080,2:41:39,8/11/2016,23,7,17.01,338,39.84,182.00,182.00,182.00,0,6
25.0515346527,121.5563507080,2:41:40,8/11/2016,21,5,14.83,236,39.36,181.00,181.06,182.00,0,6
25.0515213012,121.5563507080,2:41:41,8/11/2016,22,17,13.12,219,39.84,181.00,181.00,181.00,0,6
25.0515098571,121.5563659667,2:41:42,8/11/2016,23,14,19.60,247,39.36,181.00,180.98,181.00,0,6
25.0514965057,121.5563812255,2:41:43,8/11/2016,38,17,18.65,231,39.84,181.00,181.01,182.00,0,6
25.0514926910,121.5563964843,2:41:44,8/11/2016,138,9,16.28,266,39.84,181.00,181.16,182.00,0,6
25.0514888763,121.5564117431,2:41:45,8/11/2016,98,11,15.03,220,39.36,181.00,181.17,182.00,0,6
25.0514888763,121.5564117431,2:41:46,8/11/2016,100,19,18.12,216,39.84,182.00,181.74,183.00,0,6
25.0514850616,121.5564117431,2:41:47,8/11/2016,101,19,17.26,255,39.36,182.00,182.00,182.00,0,6
25.0514774322,121.5564270019,2:41:48,8/11/2016,88,21,22.56,233,39.84,182.00,182.01,183.00,0,6
25.0514736175,121.5564270019,2:41:49,8/11/2016,91,16,15.85,242,39.84,182.00,181.99,183.00,0,6
25.0514698028,121.5564422607,2:41:50,8/11/2016,47,16,22.46,215,39.84,181.00,181.47,182.00,0,6
25.0514736175,121.5564422607,2:41:51,8/11/2016,42,12,17.76,251,39.84,181.00,180.99,182.00,0,6
25.0514774322,121.5564651489,2:41:52,8/11/2016,44,9,15.79,204,39.84,180.00,180.69,182.00,0,6
25.0514850616,121.5564956665,2:41:53,8/11/2016,51,12,18.88,243,39.84,180.00,180.03,181.00,0,6
25.0514812469,121.5564956665,2:41:54,8/11/2016,66,2,18.84,252,40.33,180.00,179.98,181.00,0,6
25.0514640808,121.5565261840,2:41:55,8/11/2016,39,34,17.47,235,39.36,180.00,179.92,181.00,0,6
25.0514640808,121.5565414428,2:41:56,8/11/2016,37,9,18.06,234,39.84,180.00,179.91,181.00,0,6
25.0514526367,121.5565567016,2:41:57,8/11/2016,39,17,19.70,246,39.84,179.00,179.90,181.00,0,6
25.0514488220,121.5565719604,2:41:58,8/11/2016,43,6,12.17,249,39.84,179.00,179.97,180.00,0,6
25.0514278411,121.5565719604,2:41:59,8/11/2016,50,17,15.73,255,39.84,179.00,179.00,179.00,1,7
25.0514202117,121.5566101074,2:42:0,8/11/2016,77,8,17.78,287,39.84,178.00,178.44,180.00,0,7
25.0514125823,121.5566253662,2:42:1,8/11/2016,67,14,18.14,275,39.84,178.00,178.01,179.00,0,7
25.0514125823,121.5566253662,2:42:2,8/11/2016,64,12,16.53,243,40.33,178.00,177.92,178.00,0,7
25.0514163970,121.5566406250,2:42:3,8/11/2016,62,12,17.59,251,40.33,177.00,177.25,178.00,0,7
25.0514163970,121.5566558837,2:42:4,8/11/2016,68,14,19.34,232,39.84,177.00,177.03,178.00,0,7
25.0514125823,121.5566558837,2:42:5,8/11/2016,119,8,15.57,237,40.82,176.00,177.02,178.00,0,7
25.0514163970,121.5566711425,2:42:6,8/11/2016,112,9,20.71,223,40.33,176.00,176.05,177.00,0,7
25.0514640808,121.5567092895,2:42:7,8/11/2016,60,19,18.00,243,40.33,177.00,176.68,177.00,0,7
25.0514850616,121.5567092895,2:42:8,8/11/2016,52,8,19.29,266,40.33,177.00,176.98,178.00,0,7
25.0515174865,121.5567245483,2:42:9,8/11/2016,59,29,19.03,256,40.33,178.00,177.63,179.00,0,7
25.0515346527,121.5567398071,2:42:10,8/11/2016,60,15,18.50,275,39.84,179.00,178.09,179.00,0,7
25.0515460968,121.5567550659,2:42:11,8/11/2016,66,9,26.39,228,40.33,179.00,178.93,180.00,0,7
25.0515708923,121.5567703247,2:42:12,8/11/2016,74,27,26.30,202,39.84,178.00,178.05,179.00,0,7
25.0515861511,121.5567855834,2:42:13,8/11/2016,86,21,24.23,231,40.33,180.00,179.00,180.00,0,7
25.0515995025,121.5568008422,2:42:14,8/11/2016,81,12,21.50,225,40.33,180.00,179.62,180.00,0,7
25.0516147613,121.5568161010,2:42:15,8/11/2016,83,17,19.60,226,40.33,178.00,178.98,180.00,0,7
25.0516319274,121.5568389892,2:42:16,8/11/2016,95,22,26.02,220,40.33,178.00,177.92,179.00,0,7
25.0516471862,121.5568542480,2:42:17,8/11/2016,90,12,21.76,195,40.33,177.00,177.49,179.00,0,7
25.0516605377,121.5568695068,2:42:18,8/11/2016,95,10,20.44,257,40.33,177.00,177.05,178.00,0,7
25.0516757965,121.5568695068,2:42:19,8/11/2016,107,35,16.53,231,39.84,179.00,178.11,179.00,0,7
25.0516796112,121.5568847656,2:42:20,8/11/2016,110,11,16.76,245,40.33,179.00,178.97,180.00,0,7
25.0516796112,121.5569000244,2:42:21,8/11/2016,99,16,22.47,239,40.33,180.00,179.69,181.00,0,7
25.0516891479,121.5569152832,2:42:22,8/11/2016,95,17,23.63,468,40.33,180.00,179.19,180.00,0,7
25.0516967773,121.5569305419,2:42:23,8/11/2016,192,16,25.22,448,40.33,180.00,179.95,181.00,0,7
25.0516967773,121.5569534301,2:42:24,8/11/2016,63,15,22.93,458,40.33,180.00,179.97,181.00,0,7
25.0516967773,121.5569686889,2:42:25,8/11/2016,56,26,17.32,234,40.33,181.00,180.69,182.00,0,7
25.0516796112,121.5569686889,2:42:26,8/11/2016,62,27,18.39,246,40.33,181.00,181.06,182.00,0,7
25.0516853332,121.5569992065,2:42:27,8/11/2016,77,16,16.62,240,40.33,181.00,181.64,183.00,0,7
25.0516605377,121.5569992065,2:42:28,8/11/2016,58,10,17.40,242,40.33,182.00,182.00,183.00,0,7
25.0516567230,121.5570144653,2:42:29,8/11/2016,64,14,17.50,241,40.33,183.00,182.43,183.00,0,7
25.0516433715,121.5570297241,2:42:30,8/11/2016,64,5,15.89,248,39.84,183.00,182.98,183.00,0,7
25.0516319274,121.5570449829,2:42:31,8/11/2016,60,14,18.62,226,39.84,183.00,183.01,184.00,0,7
25.0516242980,121.5570449829,2:42:32,8/11/2016,62,4,19.79,225,39.84,183.00,183.00,183.00,0,7
25.0516242980,121.5570602416,2:42:33,8/11/2016,95,16,20.56,229,39.36,183.00,182.98,184.00,0,7
25.0516185760,121.5570602416,2:42:34,8/11/2016,84,10,17.04,227,39.84,183.00,183.00,183.00,0,7
25.0516185760,121.5570831298,2:42:35,8/11/2016,76,11,17.98,231,40.33,182.00,182.63,184.00,0,7
25.0516242980,121.5570831298,2:42:36,8/11/2016,76,8,17.27,239,40.33,183.00,182.36,183.00,0,7
25.0516319274,121.5570983886,2:42:37,8/11/2016,88,13,17.49,300,40.33,182.00,182.68,184.00,0,7
25.0516433715,121.5570983886,2:42:38,8/11/2016,64,15,19.23,245,40.33,182.00,182.31,183.00,0,7
25.0516529083,121.5571136474,2:42:39,8/11/2016,43,11,21.78,202,39.84,182.00,182.02,183.00,0,7
25.0516319274,121.5571289062,2:42:41,8/11/2016,28,5,13.86,222,39.84,181.00,181.31,182.00,0,7
25.0516319274,121.5571441650,0:0:0,8/11/2016,37,2,18.87,240,39.84,181.00,180.98,182.00,0,7
25.0516319274,121.5571746826,2:42:45,8/11/2016,82,7,16.16,239,39.84,181.00,181.06,182.00,0,7
25.0516395568,121.5572128295,2:42:47,8/11/2016,78,12,22.40,247,40.82,180.00,180.78,182.00,0,7
25.0516643524,121.5572586059,2:42:50,8/11/2016,174,12,24.49,225,39.84,180.00,180.12,181.00,0,7
25.0516853332,121.5572738647,2:42:51,8/11/2016,136,15,17.73,202,40.33,180.00,180.01,181.00,0,7
25.0516967773,121.5572891235,2:42:52,8/11/2016,118,9,15.80,231,40.33,180.00,179.92,181.00,0,7
25.0517082214,121.5573043823,2:42:53,8/11/2016,126,8,14.65,243,40.33,179.00,179.08,180.00,0,7
25.0517139434,121.5573043823,2:42:54,8/11/2016,146,21,14.17,231,40.33,179.00,179.03,180.00,0,7
25.0517253875,121.5573272705,2:42:55,8/11/2016,140,7,14.25,211,40.33,179.00,179.01,180.00,0,7
25.0517292022,121.5573272705,2:42:56,8/11/2016,125,20,16.58,251,40.33,179.00,179.00,180.00,0,7
25.0517368316,121.5573425292,2:42:57,8/11/2016,223,7,17.10,231,40.33,179.00,179.03,180.00,0,7
25.0517501831,121.5573425292,2:42:58,8/11/2016,155,13,17.66,267,40.33,179.00,179.01,180.00,0,7
25.0517616271,121.5573577880,2:42:59,8/11/2016,139,19,15.07,217,40.33,179.00,179.00,180.00,0,7
25.0517692565,121.5573577880,2:43:0,8/11/2016,134,13,17.41,246,40.33,179.00,178.98,180.00,0,7
25.0517864227,121.5573730468,2:43:1,8/11/2016,157,15,16.39,197,40.82,179.00,178.95,180.00,0,7
25.0517978668,121.5573883056,2:43:2,8/11/2016,152,18,18.55,237,40.33,179.00,178.86,180.00,0,7
25.0518112182,121.5574035644,2:43:3,8/11/2016,155,13,15.97,228,40.33,179.00,178.80,179.00,0,7
25.0518264770,121.5574188232,2:43:4,8/11/2016,229,9,17.18,245,40.82,179.00,178.95,180.00,0,7
25.0518398284,121.5574417114,2:43:5,8/11/2016,98,13,17.61,319,40.33,179.00,178.97,180.00,0,7
25.0518512725,121.5574569702,2:43:6,8/11/2016,85,7,15.96,214,40.33,179.00,178.98,180.00,0,7
25.0518512725,121.5574722290,2:43:7,8/11/2016,95,8,15.96,249,40.82,179.00,179.03,180.00,0,7
25.0518627166,121.5575027465,2:43:8,8/11/2016,97,7,14.50,228,40.33,180.00,179.03,180.00,0,7
25.0518589019,121.5575180053,2:43:9,8/11/2016,90,8,14.83,227,40.82,179.00,179.36,180.00,0,7
25.0518589019,121.5575332641,2:43:10,8/11/2016,99,25,16.55,227,40.82,179.00,179.04,180.00,0,7
25.0518589019,121.5575332641,2:43:11,8/11/2016,260,16,20.49,242,40.82,180.00,179.43,180.00,0,7
25.0518512725,121.5575485229,2:43:12,8/11/2016,159,14,21.81,217,40.82,180.00,180.03,181.00,0,7
25.0518360137,121.5575485229,2:43:13,8/11/2016,106,24,16.84,241,40.33,181.00,180.85,182.00,0,7
25.0518150329,121.5575485229,2:43:14,8/11/2016,100,26,19.21,236,40.82,181.00,181.15,182.00,0,7
25.0517978668,121.5575714111,2:43:15,8/11/2016,96,16,26.20,245,40.82,183.00,182.16,183.00,0,7
25.0517940521,121.5575866699,2:43:16,8/11/2016,113,43,27.90,242,40.82,184.00,183.07,184.00,0,7
25.0517902374,121.5575866699,2:43:17,8/11/2016,77,40,29.89,221,40.33,184.00,184.05,185.00,0,7
25.0517864227,121.5576171875,2:43:18,8/11/2016,62,11,31.45,241,40.33,185.00,184.85,185.00,0,7
25.0517787933,121.5576324462,2:43:19,8/11/2016,43,33,29.55,237,40.82,185.00,184.99,186.00,0,7
25.0517616271,121.5576477050,2:43:20,8/11/2016,29,11,21.59,244,40.33,185.00,185.03,186.00,0,7
25.0517292022,121.5576629638,2:43:21,8/11/2016,22,21,24.08,233,39.84,186.00,185.64,186.00,0,7
25.0517005920,121.5576629638,2:43:22,8/11/2016,20,16,21.07,225,40.33,186.00,185.99,187.00,1,8
25.0514736175,121.5577011108,2:43:28,8/11/2016,19,14,39.56,243,39.84,186.00,186.45,189.00,2,10
25.0514564514,121.5577011108,2:43:29,8/11/2016,19,47,42.44,250,40.33,186.00,185.99,187.00,0,10
25.0514411926,121.5577011108,2:43:30,8/11/2016,19,21,43.81,265,40.33,185.00,185.39,186.00,0,10
25.0514240264,121.5577011108,2:43:31,8/11/2016,19,15,21.07,237,40.33,185.00,185.00,185.00,0,10
25.0514125823,121.5577011108,2:43:32,8/11/2016,19,13,22.25,225,40.33,184.00,184.87,185.00,0,10
25.0514030456,121.5577011108,2:43:33,8/11/2016,18,16,30.99,178,40.33,184.00,184.01,185.00,0,10
25.0513992309,121.5577011108,2:43:34,8/11/2016,18,17,22.73,234,40.33,184.00,184.00,184.00,0,10
25.0513992309,121.5577011108,2:43:35,8/11/2016,18,14,31.26,228,40.33,184.00,183.98,185.00,0,10
25.0513992309,121.5577011108,2:43:36,8/11/2016,18,21,25.24,245,40.33,184.00,184.00,184.00,0,10
25.0513992309,121.5577011108,2:43:37,8/11/2016,17,24,27.04,235,40.33,184.00,183.99,185.00,0,10
25.0513992309,121.5577011108,2:43:38,8/11/2016,18,15,25.71,215,40.33,184.00,184.00,185.00,0,10
25.0513992309,121.5577011108,2:43:39,8/11/2016,18,21,21.26,232,40.82,184.00,183.98,184.00,0,10
25.0513992309,121.5577011108,2:43:40,8/11/2016,18,10,19.91,241,40.33,184.00,184.00,184.00,0,10
25.0513992309,121.5577011108,2:43:41,8/11/2016,18,5,18.37,267,40.82,184.00,183.98,184.00,0,10
25.0513992309,121.5577011108,2:43:42,8/11/2016,17,19,17.50,219,40.33,183.00,183.99,184.00,0,10
25.0513992309,121.5577163696,2:43:43,8/11/2016,18,13,24.39,232,40.82,183.00,183.34,184.00,0,10
25.0513992309,121.5577163696,2:43:44,8/11/2016,18,15,17.62,245,40.33,183.00,183.00,184.00,0,10
25.0513992309,121.5577163696,2:43:45,8/11/2016,18,19,19.88,234,40.82,183.00,183.03,184.00,0,10
25.0513992309,121.5577163696,2:43:46,8/11/2016,18,10,21.60,243,41.80,183.00,182.90,184.00,0,10
25.0513992309,121.5577163696,2:43:47,8/11/2016,17,21,22.98,249,40.33,182.00,182.21,183.00,0,10
25.0513992309,121.5577163696,2:43:48,8/11/2016,18,13,24.30,230,40.33,182.00,182.27,184.00,0,10
25.0513992309,121.5577163696,2:43:49,8/11/2016,19,30,27.42,202,40.82,183.00,182.25,183.00,0,10
25.0513992309,121.5577163696,2:43:50,8/11/2016,19,11,22.40,240,40.82,183.00,182.90,184.00,0,10
25.0513992309,121.5577316284,2:43:51,8/11/2016,19,8,22.25,243,40.33,183.00,183.00,184.00,0,10
25.0513954162,121.5577316284,2:43:52,8/11/2016,19,10,18.44,250,40.33,183.00,183.01,184.00,0,10
25.0513916015,121.5577316284,2:43:53,8/11/2016,19,8,24.56,238,40.33,183.00,183.06,184.00,0,10
25.0513916015,121.5577316284,2:43:54,8/11/2016,21,14,19.97,217,40.33,182.00,183.02,184.00,0,10
25.0513877868,121.5577316284,2:43:55,8/11/2016,21,12,17.51,226,40.33,182.00,181.99,183.00,0,10
25.0513877868,121.5577316284,2:43:56,8/11/2016,21,11,14.93,231,40.33,181.00,180.99,182.00,0,10
25.0513839721,121.5577316284,2:43:57,8/11/2016,21,6,17.85,240,39.84,180.00,180.36,182.00,0,10
25.0513839721,121.5577316284,2:43:58,8/11/2016,21,8,17.50,245,40.33,178.00,178.84,180.00,0,10
25.0513801574,121.5577316284,2:43:59,8/11/2016,17,12,18.32,231,40.33,177.00,177.30,179.00,0,10
25.0513801574,121.5577316284,2:44:0,8/11/2016,19,7,15.23,360,40.33,179.00,178.17,179.00,0,10
25.0513744354,121.5577316284,2:44:1,8/11/2016,19,11,17.09,366,40.33,180.00,179.79,180.00,0,10
25.0513744354,121.5577468872,2:44:2,8/11/2016,18,8,17.08,238,40.33,182.00,180.98,182.00,0,10
25.0513744354,121.5577468872,2:44:3,8/11/2016,18,13,17.10,249,40.82,183.00,182.04,183.00,0,10
25.0513706207,121.5577316284,2:44:4,8/11/2016,18,12,18.12,243,40.33,183.00,183.02,184.00,0,10
25.0513706207,121.5577316284,2:44:5,8/11/2016,18,7,18.31,209,40.82,184.00,183.93,185.00,0,10
25.0513668060,121.5577316284,2:44:6,8/11/2016,18,22,19.52,258,40.33,184.00,184.03,185.00,0,10
25.0513629913,121.5577316284,2:44:7,8/11/2016,18,19,16.72,251,40.33,185.00,184.94,185.00,1,11
25.0513629913,121.5577316284,2:44:8,8/11/2016,18,30,27.46,298,40.33,185.00,185.01,187.00,0,11
25.0513629913,121.5577468872,2:44:9,8/11/2016,18,20,28.57,257,40.33,185.00,185.04,186.00,0,11
25.0513591766,121.5577621459,2:44:10,8/11/2016,17,19,24.83,242,40.33,184.00,184.76,186.00,0,11
25.0513591766,121.5577774047,2:44:11,8/11/2016,18,12,32.67,198,40.33,185.00,184.71,186.00,0,11
25.0513591766,121.5577926635,2:44:12,8/11/2016,18,17,31.51,236,41.31,187.00,185.71,187.00,1,12
25.0513553619,121.5578155517,2:44:13,8/11/2016,19,28,28.78,227,40.33,186.00,186.88,188.00,0,12
25.0513553619,121.5578308105,2:44:14,8/11/2016,19,21,32.99,218,40.33,183.00,184.04,186.00,0,12
25.0513515472,121.5578460693,2:44:15,8/11/2016,18,9,34.52,265,40.33,185.00,183.57,185.00,0,12
25.0513515472,121.5578460693,2:44:16,8/11/2016,19,16,28.19,235,40.33,184.00,184.04,185.00,0,12
25.0513515472,121.5578613281,2:44:17,8/11/2016,18,25,30.25,241,40.82,185.00,184.31,185.00,0,12
25.0513477325,121.5578765869,2:44:18,8/11/2016,18,59,28.27,229,40.82,185.00,184.94,186.00,0,12
25.0513515472,121.5578918457,2:44:19,8/11/2016,18,31,30.55,286,40.82,186.00,185.60,186.00,0,12
25.0513553619,121.5579071044,2:44:20,8/11/2016,17,21,27.82,230,40.33,188.00,187.23,188.00,0,12
25.0513553619,121.5579299926,2:44:21,8/11/2016,18,114,27.01,222,40.82,190.00,189.17,190.00,0,12
25.0513591766,121.5579452514,2:44:22,8/11/2016,18,9,24.05,237,40.82,191.00,190.34,191.00,0,12
25.0513629913,121.5579605102,2:44:23,8/11/2016,17,15,27.81,241,41.31,192.00,191.72,192.00,0,12
25.0513629913,121.5579757690,2:44:24,8/11/2016,18,9,23.13,249,40.82,193.00,192.54,193.00,0,12
25.0513553619,121.5579757690,2:44:25,8/11/2016,19,23,23.41,274,40.82,192.00,192.35,193.00,0,12
25.0513591766,121.5579910278,2:44:26,8/11/2016,19,15,23.91,233,40.33,192.00,192.65,193.00,0,12
25.0513553619,121.5580062866,2:44:27,8/11/2016,20,48,31.89,250,41.31,192.00,192.91,193.00,0,12
25.0513515472,121.5580215454,2:44:28,8/11/2016,21,50,34.63,234,40.82,192.00,192.28,193.00,0,12
25.0513553619,121.5580368041,2:44:29,8/11/2016,22,27,40.54,242,40.33,192.00,192.02,193.00,0,12
25.0513553619,121.5580596923,2:44:30,8/11/2016,29,22,38.18,284,40.82,191.00,191.75,192.00,0,12
25.0513553619,121.5580749511,2:44:31,8/11/2016,57,20,30.32,248,40.82,191.00,191.02,192.00,0,12
25.0513591766,121.5580902099,2:44:32,8/11/2016,48,24,22.16,231,40.82,191.00,191.00,191.00,0,12
25.0513801574,121.5581054687,2:44:33,8/11/2016,50,12,26.57,238,40.82,190.00,190.73,191.00,0,12
25.0513992309,121.5581207275,2:44:34,8/11/2016,204,15,28.64,231,40.82,189.00,189.35,190.00,0,12
25.0514202117,121.5581359863,2:44:35,8/11/2016,100,16,33.58,361,40.82,187.00,187.92,190.00,0,12
25.0514450073,121.5581359863,2:44:36,8/11/2016,62,14,34.16,243,40.82,188.00,187.25,188.00,0,12
25.0514698028,121.5581512451,2:44:37,8/11/2016,66,81,28.25,231,40.82,188.00,188.00,189.00,0,12
25.0514965057,121.5581512451,2:44:38,8/11/2016,72,21,25.11,239,40.82,188.00,188.01,189.00,0,12
25.0515213012,121.5581741333,2:44:39,8/11/2016,132,14,23.01,247,40.33,188.00,188.04,189.00,0,12
25.0515422821,121.5581893920,2:44:40,8/11/2016,130,10,18.89,242,40.82,189.00,188.47,189.00,0,12
25.0515708923,121.5582046508,2:44:41,8/11/2016,139,11,13.58,234,40.82,188.00,188.09,189.00,0,12
25.0515995025,121.5582046508,2:44:42,8/11/2016,133,10,18.89,195,40.82,188.00,188.00,188.00,0,12
25.0516281127,121.5582199096,2:44:43,8/11/2016,158,7,16.63,242,40.82,188.00,188.00,188.00,0,12
25.0516529083,121.5582199096,2:44:44,8/11/2016,169,34,20.49,236,40.33,188.00,187.99,189.00,0,12
25.0516757965,121.5582351684,2:44:45,8/11/2016,180,7,17.49,249,40.33,187.00,188.00,189.00,0,12
25.0516967773,121.5582351684,2:44:46,8/11/2016,126,9,14.78,249,40.33,188.00,187.98,188.00,0,12
25.0516967773,121.5582351684,2:44:47,8/11/2016,98,8,13.81,245,40.33,188.00,188.00,189.00,0,12
25.0517005920,121.5582504272,2:44:48,8/11/2016,135,17,21.07,221,40.33,189.00,188.37,189.00,0,12
25.0517044067,121.5582656860,2:44:49,8/11/2016,68,21,23.89,232,40.82,189.00,188.99,190.00,0,12
25.0517139434,121.5582656860,2:44:50,8/11/2016,55,24,26.07,234,41.31,189.00,188.97,190.00,0,12
25.0517215728,121.5582809448,2:44:51,8/11/2016,54,16,20.20,238,40.82,189.00,188.50,190.00,0,12
25.0517215728,121.5583038330,2:44:52,8/11/2016,69,9,21.80,234,40.82,188.00,188.10,189.00,0,12
25.0517215728,121.5583190917,2:44:53,8/11/2016,118,24,22.04,193,41.31,189.00,188.27,189.00,0,12
25.0517139434,121.5583343505,2:44:54,8/11/2016,73,8,18.93,239,41.31,188.00,188.41,189.00,0,12
25.0517044067,121.5583496093,2:44:55,8/11/2016,62,31,23.97,242,41.31,188.00,188.16,189.00,0,12
25.0516967773,121.5583496093,2:44:56,8/11/2016,64,15,24.92,256,41.31,188.00,188.53,189.00,0,12
25.0517005920,121.5583648681,2:44:57,8/11/2016,58,21,26.80,201,41.31,189.00,188.70,189.00,0,12
25.0517082214,121.5583801269,2:44:58,8/11/2016,29,17,20.77,236,40.82,189.00,188.93,190.00,0,12
25.0517215728,121.5584182739,2:44:59,8/11/2016,24,21,26.69,245,41.31,187.00,188.14,189.00,0,12
25.0517215728,121.5584335327,2:45:0,8/11/2016,23,20,24.47,239,41.31,187.00,187.14,188.00,0,12
25.0517005920,121.5584640502,2:45:1,8/11/2016,25,19,19.05,240,40.82,185.00,185.38,187.00,0,12
25.0517005920,121.5584793090,2:45:2,8/11/2016,36,36,22.70,273,40.82,185.00,184.38,185.00,0,12
25.0516929626,121.5584945678,2:45:3,8/11/2016,72,16,21.39,246,40.33,188.00,186.64,188.00,0,12
25.0516853332,121.5585250854,2:45:4,8/11/2016,81,20,17.54,213,40.82,189.00,188.36,189.00,0,12
25.0516757965,121.5585479736,2:45:5,8/11/2016,100,10,20.90,239,41.31,189.00,188.90,190.00,0,12
25.0516643524,121.5585632324,2:45:6,8/11/2016,114,18,21.91,327,41.31,189.00,188.74,190.00,0,12
25.0516567230,121.5585784912,2:45:7,8/11/2016,172,12,18.68,245,41.31,190.00,189.26,190.00,0,12
25.0516567230,121.5585937500,2:45:8,8/11/2016,191,8,22.02,241,41.31,189.00,189.14,190.00,0,12
25.0516643524,121.5586090087,2:45:9,8/11/2016,161,19,21.73,229,41.31,190.00,189.48,191.00,0,12
25.0516605377,121.5586242675,2:45:10,8/11/2016,97,14,22.18,241,41.31,192.00,190.96,192.00,0,12
25.0516529083,121.5586395263,2:45:11,8/11/2016,69,41,21.80,221,40.82,192.00,191.99,193.00,0,12
25.0516242980,121.5586242675,2:45:12,8/11/2016,66,21,19.19,253,40.82,191.00,192.15,193.00,0,12
25.0515995025,121.5586242675,2:45:13,8/11/2016,64,20,26.41,233,40.82,192.00,191.99,193.00,0,12
25.0515995025,121.5586242675,2:45:14,8/11/2016,71,41,21.82,222,41.31,192.00,192.20,193.00,0,12
25.0515995025,121.5586395263,2:45:15,8/11/2016,71,20,26.56,278,40.33,190.00,191.15,193.00,0,12
25.0516033172,121.5586624145,2:45:16,8/11/2016,57,4,24.81,255,40.33,191.00,190.96,192.00,0,12
25.0515918731,121.5586776733,2:45:17,8/11/2016,49,13,21.56,256,41.31,193.00,192.37,194.00,0,12
25.0515823364,121.5586929321,2:45:18,8/11/2016,50,19,22.72,233,40.82,193.00,193.46,194.00,0,12
25.0515747070,121.5586929321,2:45:19,8/11/2016,46,31,20.01,210,41.31,192.00,192.48,194.00,0,12
25.0515747070,121.5587081909,2:45:20,8/11/2016,54,5,22.97,196,40.33,193.00,192.76,194.00,0,12
25.0515785217,121.5587234497,2:45:21,8/11/2016,86,14,23.81,250,40.82,191.00,192.60,194.00,0,12
25.0516471862,121.5587387084,2:45:22,8/11/2016,47,17,23.99,239,40.82,190.00,190.20,191.00,0,12
25.0517005920,121.5587692260,2:45:23,8/11/2016,36,14,27.12,235,40.82,190.00,189.98,191.00,0,12
25.0516967773,121.5587921142,2:45:24,8/11/2016,36,20,23.01,242,40.82,189.00,189.83,191.00,0,12
25.0517215728,121.5588073730,2:45:25,8/11/2016,34,26,26.65,458,40.82,188.00,188.45,190.00,0,12
25.0517501831,121.5588378906,2:45:26,8/11/2016,39,28,29.08,462,40.82,190.00,189.15,190.00,0,12
25.0517463684,121.5588378906,2:45:27,8/11/2016,345,18,29.84,459,41.31,191.00,191.00,192.00,0,12
25.0517692565,121.5588531494,2:45:28,8/11/2016,265,35,18.40,247,40.82,193.00,192.17,193.00,0,12
25.0517692565,121.5588684082,2:45:29,8/11/2016,64,8,19.92,217,40.82,194.00,193.31,194.00,0,12
25.0517692565,121.5588684082,2:45:30,8/11/2016,55,4,14.10,274,40.82,195.00,194.24,195.00,0,12
25.0517654418,121.5588836669,2:45:31,8/11/2016,50,25,17.77,253,40.82,195.00,195.01,196.00,0,12
25.0517692565,121.5589065551,2:45:32,8/11/2016,48,12,18.57,252,40.33,195.00,195.01,196.00,0,12
25.0517578125,121.5589218139,2:45:33,8/11/2016,42,21,20.36,232,40.33,195.00,195.00,196.00,0,12
25.0517406463,121.5589370727,2:45:34,8/11/2016,33,13,19.62,245,40.33,194.00,194.17,196.00,0,12
25.0517139434,121.5589523315,2:45:35,8/11/2016,25,10,18.06,233,40.82,193.00,193.73,195.00,0,12
25.0516929626,121.5589523315,2:45:36,8/11/2016,24,4,18.11,222,40.82,192.00,192.64,193.00,0,12
25.0516853332,121.5589675903,2:45:37,8/11/2016,25,10,16.52,243,40.33,189.00,191.13,192.00,0,12
25.0516853332,121.5589828491,2:45:38,8/11/2016,26,4,12.14,234,40.82,188.00,188.85,189.00,0,12
25.0516796112,121.5589981079,2:45:39,8/11/2016,26,3,16.27,239,40.82,186.00,187.73,189.00,0,12
25.0516757965,121.5589981079,2:45:40,8/11/2016,27,26,18.38,232,40.33,186.00,186.00,187.00,0,12
25.0516796112,121.5590133666,2:45:41,8/11/2016,27,11,14.32,214,40.33,186.00,186.01,187.00,0,12
25.0516719818,121.5590362548,2:45:42,8/11/2016,28,13,15.30,246,40.33,187.00,186.77,187.00,0,12
25.0516643524,121.5590515136,2:45:43,8/11/2016,28,29,18.59,241,41.31,187.00,186.95,188.00,0,12
25.0516605377,121.5590667724,2:45:44,8/11/2016,27,63,16.90,258,40.82,188.00,187.94,188.00,0,12
25.0516529083,121.5590820312,2:45:45,8/11/2016,26,18,28.43,276,40.33,189.00,188.18,190.00,0,12
25.0516529083,121.5590972900,2:45:46,8/11/2016,25,77,14.33,212,40.82,189.00,188.98,189.00,0,12
25.0516529083,121.5591125488,2:45:47,8/11/2016,25,1,13.80,241,40.33,187.00,187.68,189.00,0,12
25.0516471862,121.5591125488,2:45:48,8/11/2016,25,8,17.64,237,40.82,182.00,184.06,187.00,0,12
25.0516395568,121.5591278076,2:45:49,8/11/2016,24,7,16.69,233,40.33,183.00,182.83,184.00,0,12
25.0516357421,121.5591506958,2:45:50,8/11/2016,22,6,20.05,236,40.82,181.00,182.56,183.00,0,12
25.0516281127,121.5591506958,2:45:51,8/11/2016,22,22,13.78,249,40.82,175.00,178.10,180.00,0,12
25.0516242980,121.5591659545,2:45:52,8/11/2016,24,19,17.76,247,40.82,175.00,174.41,175.00,0,12
25.0516109466,121.5591659545,2:45:53,8/11/2016,25,13,16.95,240,40.82,174.00,174.40,176.00,0,12
25.0516033172,121.5591812133,2:45:54,8/11/2016,26,30,11.59,244,41.31,174.00,172.71,174.00,0,12
25.0516033172,121.5591964721,2:45:55,8/11/2016,33,5,14.27,227,40.33,175.00,174.76,176.00,0,12
25.0516033172,121.5592117309,2:45:56,8/11/2016,101,14,21.03,231,40.82,177.00,175.45,177.00,0,12
25.0515956878,121.5592117309,2:45:57,8/11/2016,61,22,16.44,183,40.33,181.00,178.90,182.00,0,12
25.0515861511,121.5592269897,2:45:58,8/11/2016,54,11,17.20,240,41.31,186.00,183.79,186.00,0,12
25.0515823364,121.5592422485,2:45:59,8/11/2016,58,15,15.60,240,40.82,189.00,187.40,189.00,0,12
25.0515747070,121.5592422485,2:46:0,8/11/2016,68,11,11.98,232,40.82,192.00,190.26,192.00,0,12
25.0515747070,121.5592575073,2:46:1,8/11/2016,126,5,13.68,246,40.33,192.00,192.33,193.00,0,12
25.0515747070,121.5592803955,2:46:2,8/11/2016,112,13,22.15,219,40.82,192.00,191.55,193.00,0,12
25.0515747070,121.5592803955,2:46:3,8/11/2016,96,8,17.31,239,40.33,193.00,192.90,194.00,0,12
25.0515708923,121.5592956542,2:46:4,8/11/2016,123,13,21.52,307,40.82,193.00,193.91,195.00,0,12
25.0515747070,121.5593109130,2:46:5,8/11/2016,110,8,22.73,229,40.33,193.00,192.98,194.00,0,12
25.0515861511,121.5593261718,2:46:6,8/11/2016,102,34,14.56,237,40.33,191.00,192.72,194.00,0,12
25.0515861511,121.5593414306,2:46:7,8/11/2016,125,13,13.28,234,40.82,192.00,191.00,192.00,0,12
25.0515861511,121.5593414306,2:46:8,8/11/2016,101,4,18.72,228,40.33,192.00,191.46,192.00,0,12
25.0515956878,121.5593719482,2:46:9,8/11/2016,51,27,16.93,238,40.33,193.00,192.35,193.00,0,12
25.0515861511,121.5593719482,2:46:10,8/11/2016,51,13,17.03,251,40.82,194.00,192.94,194.00,0,12
25.0515861511,121.5593948364,2:46:11,8/11/2016,52,12,13.16,239,40.82,192.00,192.40,194.00,0,12
25.0515861511,121.5593948364,2:46:12,8/11/2016,51,26,17.24,242,40.82,190.00,190.54,192.00,0,12
25.0515956878,121.5594100952,2:46:13,8/11/2016,49,0,15.64,214,40.33,189.00,189.05,190.00,0,12
25.0516033172,121.5594253540,2:46:14,8/11/2016,74,12,13.83,230,40.33,190.00,189.86,190.00,0,12
25.0516071319,121.5594253540,2:46:15,8/11/2016,59,7,15.33,217,40.33,191.00,190.56,191.00,0,12
25.0516109466,121.5594406127,2:46:16,8/11/2016,47,10,15.23,242,40.33,192.00,191.41,192.00,0,12
25.0516242980,121.5594558715,2:46:17,8/11/2016,47,4,18.19,235,40.33,192.00,191.92,193.00,0,12
25.0516319274,121.5594711303,2:46:18,8/11/2016,51,13,17.37,225,40.82,193.00,192.41,194.00,0,12
25.0516357421,121.5594711303,2:46:19,8/11/2016,55,53,16.75,246,40.82,193.00,192.86,193.00,0,12
25.0516395568,121.5594863891,2:46:20,8/11/2016,65,8,22.35,238,40.82,193.00,192.50,193.00,0,12
25.0516433715,121.5595016479,2:46:21,8/11/2016,92,11,18.81,242,40.82,192.00,192.21,193.00,0,12
25.0516529083,121.5595016479,2:46:22,8/11/2016,59,23,15.06,238,40.33,192.00,192.03,193.00,0,12
25.0516433715,121.5595245361,2:46:23,8/11/2016,58,13,22.72,263,40.82,192.00,192.03,193.00,0,12
25.0516395568,121.5595245361,2:46:24,8/11/2016,71,22,16.11,245,40.82,192.00,192.00,193.00,0,12
25.0516357421,121.5595397949,2:46:25,8/11/2016,88,10,17.09,255,40.33,192.00,192.00,193.00,0,12
25.0516357421,121.5595397949,2:46:26,8/11/2016,154,4,18.92,233,40.82,192.00,191.99,193.00,0,12
25.0516395568,121.5595397949,2:46:27,8/11/2016,164,40,12.87,243,40.82,192.00,191.67,192.00,0,12
25.0516242980,121.5595550537,2:46:28,8/11/2016,158,2,12.71,254,40.33,191.00,191.01,192.00,0,12
25.0516109466,121.5595703125,2:46:29,8/11/2016,127,5,23.32,227,40.33,191.00,190.93,192.00,0,12
25.0516147613,121.5595703125,2:46:30,8/11/2016,81,12,17.58,236,40.82,190.00,190.20,191.00,0,12
25.0515995025,121.5595703125,2:46:31,8/11/2016,63,9,12.10,239,41.31,190.00,189.65,191.00,0,12
25.0515995025,121.5596008300,2:46:32,8/11/2016,63,2,14.57,238,40.33,189.00,189.23,190.00,0,12
25.0516033172,121.5596008300,2:46:33,8/11/2016,103,11,17.92,234,40.82,188.00,188.38,189.00,0,12
25.0515995025,121.5596160888,2:46:34,8/11/2016,49,16,15.00,220,40.33,187.00,187.60,188.00,0,12
25.0516147613,121.5596389770,2:46:35,8/11/2016,39,8,11.65,243,40.33,187.00,187.01,188.00,0,12
25.0516242980,121.5596542358,2:46:36,8/11/2016,41,15,19.02,218,40.33,186.00,186.96,188.00,0,12
25.0516281127,121.5596847534,2:46:37,8/11/2016,46,11,16.25,235,40.82,186.00,186.36,187.00,0,12
25.0516185760,121.5596847534,2:46:38,8/11/2016,71,9,16.83,218,40.82,186.00,186.11,187.00,0,12
25.0516147613,121.5597000122,2:46:39,8/11/2016,205,17,15.30,228,40.82,186.00,186.06,187.00,0,12
25.0516185760,121.5597000122,2:46:40,8/11/2016,249,7,21.00,219,41.31,186.00,186.01,187.00,0,12
25.0516242980,121.5597000122,2:46:41,8/11/2016,82,7,18.33,235,40.33,186.00,185.99,186.00,0,12
25.0516185760,121.5597152709,2:46:42,8/11/2016,86,23,15.34,326,40.33,185.00,185.09,186.00,0,12
25.0516147613,121.5597305297,2:46:43,8/11/2016,101,11,17.63,245,40.82,185.00,185.00,186.00,0,12
25.0516147613,121.5597457885,2:46:44,8/11/2016,114,14,25.08,236,40.82,185.00,184.97,185.00,0,12
25.0516147613,121.5597686767,2:46:45,8/11/2016,130,19,27.57,288,40.33,185.00,184.94,186.00,0,12
25.0516147613,121.5597839355,2:46:46,8/11/2016,85,17,24.44,239,40.82,185.00,184.82,186.00,0,12
25.0516147613,121.5597839355,2:46:47,8/11/2016,83,30,40.78,253,40.82,184.00,184.02,185.00,0,12
25.0516109466,121.5597991943,2:46:48,8/11/2016,93,24,36.81,203,41.31,183.00,183.24,185.00,0,12
25.0516147613,121.5598144531,2:46:49,8/11/2016,99,15,27.17,235,41.31,183.00,182.90,184.00,0,12
25.0516109466,121.5598297119,2:46:50,8/11/2016,104,41,19.33,236,41.31,183.00,182.92,184.00,0,12
25.0516109466,121.5598297119,2:46:51,8/11/2016,127,16,20.75,236,41.31,183.00,182.97,184.00,0,12
25.0516109466,121.5598449707,2:46:52,8/11/2016,92,5,20.17,240,40.82,183.00,182.97,184.00,0,12
25.0516242980,121.5598602294,2:46:53,8/11/2016,68,14,21.60,241,41.31,182.00,182.95,184.00,0,12
25.0516395568,121.5598831176,2:46:54,8/11/2016,62,8,15.38,237,41.31,182.00,182.65,184.00,0,12
25.0516567230,121.5598983764,2:46:55,8/11/2016,59,10,21.07,242,41.31,183.00,182.61,184.00,0,12
25.0516605377,121.5599136352,2:46:56,8/11/2016,31,14,16.77,213,40.82,182.00,183.03,184.00,0,12
25.0516357421,121.5599136352,2:46:57,8/11/2016,28,2,12.86,239,40.82,181.00,181.39,182.00,0,12
25.0516281127,121.5599441528,2:46:58,8/11/2016,34,5,15.57,226,40.82,181.00,181.01,182.00,0,12
25.0516185760,121.5599594116,2:46:59,8/11/2016,126,10,17.20,226,40.82,181.00,179.84,181.00,0,12
25.0516109466,121.5599594116,2:47:0,8/11/2016,78,17,14.43,241,40.82,182.00,181.03,182.00,0,12
25.0516147613,121.5599746704,2:47:1,8/11/2016,83,9,13.32,220,40.82,183.00,182.20,183.00,0,12
25.0516242980,121.5599899291,2:47:2,8/11/2016,98,7,23.49,287,40.82,184.00,183.11,184.00,0,12
25.0516281127,121.5600128173,2:47:3,8/11/2016,123,4,18.53,230,40.82,185.00,183.96,185.00,0,12
25.0516242980,121.5600128173,2:47:4,8/11/2016,228,0,20.01,243,40.82,185.00,185.01,186.00,0,12
25.0516281127,121.5600280761,2:47:5,8/11/2016,144,18,15.86,233,41.31,186.00,186.02,187.00,0,12
25.0516319274,121.5600433349,2:47:6,8/11/2016,133,22,15.13,238,40.82,185.00,185.09,187.00,0,12
25.0516242980,121.5600433349,2:47:7,8/11/2016,124,6,15.59,217,40.82,187.00,186.31,187.00,0,12
25.0516185760,121.5600585937,2:47:8,8/11/2016,104,18,16.55,240,40.82,188.00,187.03,188.00,0,12
25.0516319274,121.5600585937,2:47:9,8/11/2016,99,9,13.68,250,41.31,188.00,187.72,188.00,0,12
25.0516433715,121.5600738525,2:47:10,8/11/2016,155,26,18.29,235,40.82,188.00,187.99,189.00,0,12
25.0516433715,121.5600891113,2:47:11,8/11/2016,107,6,16.44,244,41.31,189.00,188.01,189.00,0,12
25.0516471862,121.5601043701,2:47:12,8/11/2016,87,12,14.31,216,40.82,189.00,188.98,190.00,0,12
25.0516605377,121.5601425170,2:47:13,8/11/2016,83,6,9.13,226,40.82,189.00,189.00,189.00,0,12
25.0516605377,121.5601577758,2:47:14,8/11/2016,87,8,20.23,232,40.82,188.00,188.40,189.00,0,12
25.0516605377,121.5601577758,2:47:15,8/11/2016,110,23,23.03,232,40.82,188.00,188.00,189.00,0,12
25.0516529083,121.5601577758,2:47:16,8/11/2016,173,14,22.41,251,41.31,188.00,187.98,189.00,0,12
25.0516529083,121.5601730346,2:47:17,8/11/2016,102,14,29.02,201,40.82,187.00,187.98,188.00,0,12
25.0516529083,121.5601882934,2:47:18,8/11/2016,90,25,27.57,244,40.33,188.00,187.42,188.00,0,12
25.0516471862,121.5602035522,2:47:19,8/11/2016,91,26,18.67,242,41.31,187.00,187.84,188.00,0,12
25.0516471862,121.5602188110,2:47:20,8/11/2016,108,9,13.69,241,41.31,187.00,187.01,188.00,0,12
25.0516433715,121.5602340698,2:47:21,8/11/2016,151,7,19.74,240,40.82,187.00,186.99,188.00,0,12
25.0516395568,121.5602569580,2:47:22,8/11/2016,305,9,17.96,227,41.31,187.00,186.80,188.00,0,12
25.0516319274,121.5602722167,2:47:23,8/11/2016,164,9,13.12,203,40.82,186.00,186.28,187.00,0,12
25.0516529083,121.5602874755,2:47:24,8/11/2016,168,7,21.80,234,41.31,186.00,186.13,187.00,0,12
25.0516605377,121.5603027343,2:47:25,8/11/2016,174,20,16.22,238,41.80,186.00,186.01,187.00,0,12
25.0516681671,121.5603332519,2:47:26,8/11/2016,169,16,17.98,234,41.31,187.00,186.34,187.00,0,12
25.0516605377,121.5603485107,2:47:27,8/11/2016,167,7,18.52,243,40.82,187.00,186.83,188.00,0,12
25.0516605377,121.5603866577,2:47:28,8/11/2016,239,12,18.76,228,41.31,186.00,186.53,188.00,0,12
25.0516643524,121.5604171752,2:47:29,8/11/2016,124,29,16.14,227,41.31,186.00,186.00,187.00,0,12
25.0516567230,121.5604476928,2:47:30,8/11/2016,123,2,10.52,235,40.82,187.00,186.22,187.00,0,12
25.0516605377,121.5604629516,2:47:31,8/11/2016,112,59,20.11,229,41.31,187.00,186.94,188.00,0,12
25.0516605377,121.5604782104,2:47:32,8/11/2016,98,11,17.60,239,40.82,187.00,187.01,188.00,0,12
25.0516567230,121.5605010986,2:47:33,8/11/2016,120,11,16.09,299,41.31,187.00,187.03,188.00,0,12
25.0516529083,121.5605010986,2:47:34,8/11/2016,161,9,16.61,233,41.31,187.00,187.01,188.00,0,12
25.0516471862,121.5605163574,2:47:35,8/11/2016,88,10,20.03,239,41.31,188.00,187.16,188.00,0,12
25.0516471862,121.5605163574,2:47:36,8/11/2016,87,9,16.22,233,41.31,188.00,187.65,188.00,0,12
25.0516529083,121.5605163574,2:47:37,8/11/2016,87,15,18.23,245,41.80,188.00,187.34,188.00,0,12
25.0516605377,121.5605316162,2:47:38,8/11/2016,98,20,19.51,248,41.80,188.00,187.73,189.00,0,12
25.0516643524,121.5605468750,2:47:39,8/11/2016,321,14,19.97,215,41.31,188.00,187.90,188.00,0,12
25.0516681671,121.5605621337,2:47:40,8/11/2016,165,13,20.98,214,41.80,188.00,187.96,189.00,0,12
25.0516796112,121.5605773925,2:47:41,8/11/2016,119,12,24.63,246,41.80,188.00,188.01,189.00,0,12
25.0516853332,121.5606307983,2:47:42,8/11/2016,111,7,20.50,244,41.80,188.00,188.12,189.00,0,12
25.0516929626,121.5606460571,2:47:43,8/11/2016,85,35,22.00,260,41.80,189.00,188.57,189.00,0,12
25.0517005920,121.5606613159,2:47:44,8/11/2016,86,28,26.98,220,41.80,189.00,188.78,190.00,0,12
25.0517044067,121.5606765747,2:47:45,8/11/2016,259,12,24.73,219,41.31,189.00,188.94,189.00,0,12
25.0517139434,121.5606918334,2:47:46,8/11/2016,100,14,20.08,227,41.80,189.00,189.00,190.00,0,12
25.0517139434,121.5607070922,2:47:47,8/11/2016,84,15,26.83,239,41.80,189.00,189.03,190.00,0,12
25.0517139434,121.5607070922,2:47:48,8/11/2016,81,17,26.07,240,41.31,190.00,189.16,190.00,0,12
25.0517139434,121.5607223510,2:47:49,8/11/2016,76,19,18.65,221,41.80,189.00,189.24,190.00,0,12
25.0517139434,121.5607452392,2:47:50,8/11/2016,73,14,19.67,205,41.80,189.00,189.04,190.00,0,12
25.0516891479,121.5607604980,2:47:51,8/11/2016,43,19,20.40,323,41.80,187.00,187.22,189.00,0,12
25.0516242980,121.5610504150,2:48:19,8/11/2016,106,17,-35.33,240,41.80,194.00,-209.25,198.00,0,12
25.0516357421,121.5610656738,2:48:20,8/11/2016,94,15,25.08,235,41.80,193.00,193.72,195.00,0,12
25.0516433715,121.5610809326,2:48:21,8/11/2016,127,15,24.97,227,41.31,193.00,193.01,194.00,0,12
25.0516529083,121.5611190795,2:48:22,8/11/2016,117,33,25.15,238,41.80,193.00,192.96,194.00,0,12
25.0516605377,121.5611343383,2:48:23,8/11/2016,80,13,19.19,207,41.80,194.00,193.02,194.00,0,12
25.0516567230,121.5611343383,2:48:24,8/11/2016,83,17,16.43,234,41.80,193.00,193.44,194.00,0,12
25.0516529083,121.5611495971,2:48:25,8/11/2016,147,10,19.39,222,41.80,194.00,193.95,195.00,0,12
25.0516529083,121.5611648559,2:48:26,8/11/2016,198,6,19.25,236,41.80,194.00,193.97,195.00,0,12
25.0516395568,121.5611953735,2:48:27,8/11/2016,144,49,21.18,331,41.80,194.00,194.03,195.00,0,12
25.0516395568,121.5612106323,2:48:28,8/11/2016,119,69,22.92,225,41.80,194.00,194.01,195.00,0,12
25.0516471862,121.5612335205,2:48:29,8/11/2016,108,9,19.49,253,41.80,194.00,194.01,195.00,0,12
25.0516433715,121.5612487792,2:48:30,8/11/2016,65,19,18.11,241,42.29,194.00,194.06,195.00,0,12
25.0516433715,121.5612487792,2:48:31,8/11/2016,73,31,24.87,263,41.80,195.00,194.08,195.00,0,12
25.0516395568,121.5612640380,2:48:32,8/11/2016,79,11,22.56,213,42.29,195.00,194.83,196.00,0,12
25.0516395568,121.5612792968,2:48:33,8/11/2016,112,24,22.11,264,41.80,195.00,195.16,196.00,0,12
25.0516395568,121.5612945556,2:48:34,8/11/2016,100,6,26.02,228,41.80,196.00,195.17,196.00,0,12
25.0516433715,121.5612945556,2:48:35,8/11/2016,96,13,19.42,232,41.80,195.00,195.92,197.00,0,12
25.0516567230,121.5613250732,2:48:36,8/11/2016,94,18,22.33,258,41.80,196.00,195.44,196.00,0,12
25.0516853332,121.5613632202,2:48:37,8/11/2016,157,42,22.85,341,41.31,195.00,195.33,196.00,0,12
25.0516891479,121.5613632202,2:48:38,8/11/2016,123,10,23.72,235,41.80,196.00,195.76,197.00,0,12
25.0516967773,121.5613784790,2:48:39,8/11/2016,69,5,16.23,244,41.80,196.00,195.89,197.00,0,12
25.0517044067,121.5613937377,2:48:40,8/11/2016,58,22,21.72,242,41.80,197.00,196.15,198.00,0,12
25.0517139434,121.5614089965,2:48:41,8/11/2016,57,38,26.90,274,41.80,196.00,196.77,198.00,2,14
25.0517177581,121.5614242553,2:48:42,8/11/2016,63,115,29.54,237,42.29,194.00,195.64,197.00,1,15
25.0517177581,121.5614395141,2:48:43,8/11/2016,81,21,35.00,475,41.80,192.00,192.35,195.00,0,15
25.0517215728,121.5614547729,2:48:44,8/11/2016,62,19,33.28,468,41.80,189.00,189.94,192.00,0,15
25.0517177581,121.5614776611,2:48:45,8/11/2016,49,104,48.52,461,41.80,184.00,186.48,188.00,0,15
25.0517139434,121.5614929199,2:48:46,8/11/2016,50,29,26.71,355,41.31,184.00,183.17,184.00,0,15
25.0517139434,121.5615081787,2:48:47,8/11/2016,55,26,21.77,249,41.80,186.00,184.91,187.00,0,15
25.0517139434,121.5615234375,2:48:48,8/11/2016,56,15,31.48,177,41.80,189.00,187.61,189.00,0,15
25.0517082214,121.5615386962,2:48:49,8/11/2016,71,11,25.28,220,41.80,191.00,189.03,191.00,1,16
25.0517082214,121.5615386962,2:48:50,8/11/2016,112,18,26.37,251,41.80,193.00,191.50,193.00,0,16
25.0517082214,121.5615386962,2:48:51,8/11/2016,95,15,35.02,238,41.80,195.00,193.60,195.00,0,16
25.0517082214,121.5615539550,2:48:52,8/11/2016,55,22,33.85,227,41.80,195.00,195.02,196.00,0,16
25.0517082214,121.5615539550,2:48:53,8/11/2016,64,9,26.01,216,41.31,196.00,195.83,197.00,0,16
25.0517082214,121.5615539550,2:48:54,8/11/2016,178,20,23.41,261,41.80,197.00,196.50,198.00,0,16
25.0517082214,121.5615539550,2:48:55,8/11/2016,97,29,26.67,234,41.80,196.00,196.58,198.00,0,16
25.0517177581,121.5615539550,2:48:56,8/11/2016,84,25,30.34,230,41.80,197.00,196.52,198.00,0,16
25.0517139434,121.5615539550,2:48:57,8/11/2016,51,12,22.75,219,41.80,193.00,194.45,197.00,0,16
25.0516605377,121.5615539550,2:48:58,8/11/2016,50,8,23.37,239,41.80,189.00,190.64,193.00,1,17
25.0516643524,121.5615539550,2:48:59,8/11/2016,50,23,26.55,228,41.80,191.00,189.83,191.00,0,17
25.0516643524,121.5615692138,2:49:0,8/11/2016,54,22,30.79,226,42.29,193.00,191.64,193.00,0,17
25.0516681671,121.5615921020,2:49:1,8/11/2016,62,21,21.99,218,41.80,194.00,193.27,195.00,0,17
25.0516757965,121.5616073608,2:49:2,8/11/2016,184,28,20.51,227,41.80,195.00,194.31,196.00,0,17
25.0516796112,121.5616073608,2:49:3,8/11/2016,86,17,24.96,253,41.80,194.00,194.05,195.00,0,17
25.0516681671,121.5616073608,2:49:4,8/11/2016,76,20,22.72,219,41.80,195.00,194.99,196.00,3,20
25.0516605377,121.5616226196,2:49:5,8/11/2016,64,49,28.93,247,42.29,196.00,195.62,197.00,0,20
25.0516529083,121.5616378784,2:49:6,8/11/2016,48,20,20.50,226,42.29,194.00,194.69,196.00,0,20
25.0516433715,121.5616531372,2:49:7,8/11/2016,42,14,21.41,260,41.80,196.00,194.59,196.00,0,20
25.0516242980,121.5616683959,2:49:8,8/11/2016,45,5,15.08,236,41.80,197.00,196.01,197.00,0,20
25.0516033172,121.5616836547,2:49:9,8/11/2016,60,12,15.01,215,41.80,198.00,197.11,198.00,0,20
25.0515956878,121.5616989135,2:49:10,8/11/2016,84,12,16.34,262,41.80,199.00,198.34,199.00,0,20
25.0515918731,121.5616989135,2:49:11,8/11/2016,484,12,25.40,211,41.31,198.00,198.94,199.00,0,20
25.0515861511,121.5617218017,2:49:12,8/11/2016,108,122,20.04,249,41.31,197.00,197.23,198.00,0,20
25.0515785217,121.5617370605,2:49:13,8/11/2016,84,17,21.86,240,41.80,197.00,197.38,198.00,0,20
25.0515747070,121.5617370605,2:49:14,8/11/2016,88,8,22.06,244,41.80,197.00,196.86,198.00,0,20
25.0515785217,121.5617523193,2:49:15,8/11/2016,111,1,22.86,232,41.31,197.00,196.12,197.00,0,20
25.0515823364,121.5617523193,2:49:16,8/11/2016,106,18,18.59,222,41.31,197.00,196.05,197.00,1,21
25.0515861511,121.5617675781,2:49:17,8/11/2016,99,13,21.11,252,42.29,198.00,197.18,198.00,0,21
25.0515823364,121.5617828369,2:49:18,8/11/2016,90,2,14.12,227,41.80,197.00,197.74,198.00,0,21
25.0515747070,121.5617980957,2:49:19,8/11/2016,90,20,21.51,261,41.80,197.00,196.50,197.00,0,21
25.0515575408,121.5618133544,2:49:20,8/11/2016,80,40,16.38,167,42.29,198.00,197.40,198.00,0,21
25.0515499114,121.5618133544,2:49:21,8/11/2016,74,5,14.13,249,41.31,198.00,198.01,199.00,0,21
25.0515384674,121.5618362426,2:49:22,8/11/2016,63,4,13.83,234,41.80,199.00,198.06,199.00,0,21
25.0515213012,121.5618515014,2:49:23,8/11/2016,59,12,18.20,229,41.80,199.00,198.63,200.00,1,22
25.0515098571,121.5618515014,2:49:24,8/11/2016,61,18,23.13,238,41.80,200.00,199.49,200.00,1,23
25.0514965057,121.5618667602,2:49:25,8/11/2016,61,49,22.10,186,41.80,200.00,200.01,201.00,1,24
25.0514888763,121.5618820190,2:49:26,8/11/2016,71,4,13.17,324,41.31,201.00,200.59,201.00,0,24
25.0514850616,121.5618972778,2:49:27,8/11/2016,85,8,11.28,250,41.31,201.00,200.93,201.00,0,24
25.0514926910,121.5619125366,2:49:28,8/11/2016,108,21,20.38,237,41.80,200.00,200.88,202.00,0,24
25.0515060424,121.5619277954,2:49:29,8/11/2016,113,3,17.00,237,41.80,201.00,200.22,201.00,0,24
25.0515136718,121.5619430541,2:49:30,8/11/2016,99,11,21.87,231,41.80,199.00,200.12,201.00,0,24
25.0515174865,121.5619659423,2:49:31,8/11/2016,90,40,19.34,216,41.80,199.00,198.75,200.00,0,24
25.0515174865,121.5619659423,2:49:32,8/11/2016,115,12,16.91,221,42.29,199.00,198.66,200.00,0,24
25.0515098571,121.5619812011,2:49:33,8/11/2016,68,16,19.19,219,41.80,197.00,197.69,198.00,0,24
25.0515022277,121.5619812011,2:49:34,8/11/2016,146,4,21.04,254,41.80,197.00,196.19,197.00,0,24
25.0514926910,121.5619964599,2:49:35,8/11/2016,170,10,20.77,242,41.80,197.00,197.00,198.00,0,24
25.0514850616,121.5619964599,2:49:36,8/11/2016,126,9,16.78,216,42.29,198.00,197.03,198.00,0,24
25.0514850616,121.5620117187,2:49:37,8/11/2016,69,6,13.24,243,41.80,198.00,197.05,198.00,0,24
25.0514888763,121.5620117187,2:49:38,8/11/2016,43,11,12.96,237,41.80,198.00,197.52,198.00,0,24
25.0514965057,121.5620269775,2:49:39,8/11/2016,42,9,12.19,231,41.31,198.00,197.94,198.00,2,26
25.0515098571,121.5620574951,2:49:40,8/11/2016,41,38,19.48,190,41.80,195.00,197.08,198.00,0,26
25.0515213012,121.5620956420,2:49:41,8/11/2016,52,7,20.62,250,41.80,194.00,194.14,196.00,0,26
25.0515308380,121.5621109008,2:49:42,8/11/2016,74,10,22.83,253,41.80,192.00,192.97,194.00,1,27
25.0515213012,121.5621109008,2:49:43,8/11/2016,50,33,23.89,242,41.80,188.00,191.15,193.00,0,27
25.0515251159,121.5621261596,2:49:44,8/11/2016,35,3,21.66,236,42.29,186.00,187.52,190.00,0,27
25.0515308380,121.5621414184,2:49:45,8/11/2016,35,6,23.34,244,41.80,184.00,183.69,185.00,0,27
25.0515308380,121.5621566772,2:49:46,8/11/2016,35,7,19.72,233,41.31,186.00,184.08,186.00,0,27
25.0515251159,121.5621719360,2:49:47,8/11/2016,44,11,17.64,226,42.29,188.00,186.78,188.00,0,27
25.0515213012,121.5621871948,2:49:48,8/11/2016,83,14,19.46,254,41.31,190.00,188.47,190.00,0,27
25.0515136718,121.5621871948,2:49:49,8/11/2016,36,30,15.78,231,41.80,192.00,190.55,192.00,0,27
25.0515136718,121.5622100830,2:49:50,8/11/2016,34,5,15.05,238,41.80,193.00,192.34,193.00,0,27
25.0515422821,121.5622253417,2:49:51,8/11/2016,37,12,15.02,234,41.80,194.00,193.59,194.00,0,27
25.0515384674,121.5622406005,2:49:52,8/11/2016,47,8,18.62,220,41.80,195.00,194.08,195.00,0,27
25.0515460968,121.5622558593,2:49:53,8/11/2016,272,13,17.04,221,41.80,195.00,194.97,195.00,0,27
25.0515499114,121.5622711181,2:49:54,8/11/2016,162,11,14.31,221,41.80,195.00,194.90,196.00,0,27
25.0515537261,121.5623016357,2:49:55,8/11/2016,152,58,24.16,229,42.29,195.00,194.94,196.00,0,27
25.0515575408,121.5623245239,2:49:56,8/11/2016,322,25,26.04,245,41.31,196.00,195.47,197.00,0,27
25.0515575408,121.5623397827,2:49:57,8/11/2016,131,10,26.57,245,41.31,196.00,196.01,197.00,0,27
25.0515708923,121.5623703002,2:49:58,8/11/2016,98,15,24.50,263,41.80,197.00,196.87,197.00,0,27
25.0515747070,121.5623855590,2:49:59,8/11/2016,105,1,21.77,236,42.29,197.00,197.01,198.00,0,27
25.0515861511,121.5624160766,2:50:0,8/11/2016,117,13,20.68,233,41.80,197.00,197.01,198.00,0,27
25.0515956878,121.5624313354,2:50:1,8/11/2016,133,72,27.18,238,41.80,197.00,197.01,198.00,0,27
25.0515995025,121.5624542236,2:50:2,8/11/2016,335,28,36.18,239,41.31,197.00,197.01,198.00,0,27
25.0516033172,121.5624694824,2:50:3,8/11/2016,139,18,39.15,191,41.80,197.00,197.01,198.00,0,27
25.0516033172,121.5624847412,2:50:4,8/11/2016,110,48,25.22,251,41.80,196.00,196.27,197.00,0,27
25.0515861511,121.5624694824,2:50:5,8/11/2016,72,5,29.81,273,42.29,195.00,195.86,196.00,0,27
25.0516033172,121.5624847412,2:50:6,8/11/2016,42,18,28.59,224,41.80,195.00,195.00,196.00,1,28
25.0515861511,121.5624694824,2:50:7,8/11/2016,31,7,19.77,222,42.29,195.00,195.00,196.00,0,28
25.0515785217,121.5624694824,2:50:8,8/11/2016,26,20,26.00,198,41.80,195.00,195.01,196.00,0,28
25.0515670776,121.5624847412,2:50:9,8/11/2016,23,22,31.66,229,42.29,194.00,194.58,196.00,0,28
25.0515575408,121.5624847412,2:50:10,8/11/2016,23,8,24.07,257,41.80,195.00,194.18,196.00,0,28
25.0515537261,121.5625000000,2:50:11,8/11/2016,23,17,27.76,220,41.80,195.00,195.01,196.00,0,28
25.0515537261,121.5625152587,2:50:12,8/11/2016,23,19,26.36,267,41.80,195.00,195.02,196.00,0,28
25.0515499114,121.5625152587,2:50:13,8/11/2016,23,35,30.88,257,41.80,192.00,193.22,195.00,0,28
25.0515460968,121.5625305175,2:50:14,8/11/2016,23,29,38.52,347,42.29,185.00,187.93,192.00,0,28
25.0515422821,121.5625457763,2:50:15,8/11/2016,23,56,50.95,238,41.80,179.00,181.50,184.00,0,28
25.0515384674,121.5625457763,2:50:16,8/11/2016,23,10,35.59,224,41.80,212.00,188.85,212.00,0,28
25.0515384674,121.5625686645,2:50:17,8/11/2016,23,21,30.94,233,41.80,213.00,211.86,213.00,0,28
25.0515384674,121.5625839233,2:50:18,8/11/2016,26,33,30.16,245,41.80,215.00,213.87,215.00,0,28
25.0515460968,121.5625991821,2:50:19,8/11/2016,29,13,34.53,225,42.29,219.00,216.65,219.00,0,28
25.0515460968,121.5626144409,2:50:20,8/11/2016,42,20,32.74,260,41.80,222.00,219.90,222.00,0,28
25.0515460968,121.5626296997,2:50:21,8/11/2016,116,14,34.90,212,41.80,224.00,223.10,224.00,0,28
25.0515384674,121.5626449584,2:50:22,8/11/2016,79,12,31.03,282,42.77,225.00,224.36,225.00,0,28
25.0515422821,121.5626449584,2:50:23,8/11/2016,103,76,24.04,231,41.80,224.00,224.22,225.00,0,28
25.0515460968,121.5626602172,2:50:24,8/11/2016,114,28,35.69,376,42.29,224.00,224.05,225.00,0,28
25.0515460968,121.5626602172,2:50:25,8/11/2016,110,16,42.49,238,41.80,223.00,223.34,224.00,0,28
25.0515422821,121.5626754760,2:50:26,8/11/2016,87,21,25.00,259,41.80,222.00,221.99,223.00,0,28
25.0515384674,121.5626983642,2:50:27,8/11/2016,79,96,30.68,210,41.80,220.00,220.85,222.00,0,28
25.0515346527,121.5627136230,2:50:28,8/11/2016,76,24,28.50,231,41.80,219.00,219.98,221.00,0,28
25.0515422821,121.5627288818,2:50:29,8/11/2016,75,17,31.29,233,42.77,218.00,218.99,220.00,0,28
25.0515499114,121.5627441406,2:50:30,8/11/2016,108,16,32.68,225,42.29,217.00,217.86,219.00,0,28
25.0515499114,121.5627441406,2:50:31,8/11/2016,75,22,35.62,239,42.29,216.00,216.74,218.00,0,28
25.0515708923,121.5627746582,2:50:32,8/11/2016,62,18,29.58,248,41.80,215.00,215.59,216.00,0,28
25.0515861511,121.5627746582,2:50:33,8/11/2016,67,30,45.70,243,41.80,214.00,214.42,216.00,0,28
25.0515956878,121.5627899169,2:50:34,8/11/2016,52,24,36.02,217,41.80,212.00,213.06,214.00,0,28
25.0515995025,121.5628128051,2:50:35,8/11/2016,63,24,32.82,214,41.80,212.00,211.91,213.00,0,28
25.0516033172,121.5628280639,2:50:36,8/11/2016,92,28,45.88,236,41.80,211.00,211.08,212.00,0,28
25.0516071319,121.5628433227,2:50:37,8/11/2016,57,74,41.51,223,42.29,210.00,210.10,211.00,0,28
25.0516071319,121.5628585815,2:50:38,8/11/2016,40,17,20.28,237,42.29,209.00,209.37,210.00,0,28
25.0516147613,121.5628738403,2:50:39,8/11/2016,28,12,22.21,276,41.80,208.00,208.05,209.00,0,28
25.0516185760,121.5628738403,2:50:40,8/11/2016,27,5,28.03,210,41.80,206.00,207.05,208.00,0,28
25.0516242980,121.5628890991,2:50:41,8/11/2016,27,11,16.49,244,42.29,205.00,205.60,207.00,0,28
25.0516242980,121.5629043579,2:50:42,8/11/2016,25,2,19.51,238,41.80,205.00,204.75,205.00,0,28
25.0516357421,121.5629196166,2:50:43,8/11/2016,27,19,25.43,246,42.29,204.00,204.46,205.00,0,28
25.0516319274,121.5629196166,2:50:44,8/11/2016,28,5,23.88,246,41.80,203.00,203.57,205.00,0,28
25.0516319274,121.5629196166,2:50:45,8/11/2016,28,11,20.73,224,41.80,204.00,203.35,204.00,0,28
25.0516319274,121.5629425048,2:50:46,8/11/2016,28,20,30.82,239,41.80,204.00,203.23,204.00,0,28
25.0516281127,121.5629425048,2:50:47,8/11/2016,27,10,22.21,242,42.29,202.00,203.02,204.00,0,28
25.0516281127,121.5629577636,2:50:48,8/11/2016,27,7,18.67,245,41.80,202.00,201.81,203.00,0,28
25.0516319274,121.5629882812,2:50:49,8/11/2016,29,12,18.90,247,41.80,203.00,202.50,204.00,0,28
25.0516281127,121.5630035400,2:50:50,8/11/2016,39,23,18.45,250,41.80,203.00,203.76,204.00,0,28
25.0516319274,121.5630187988,2:50:51,8/11/2016,58,94,17.21,189,42.77,204.00,203.98,205.00,0,28